线路名称,所属区域,车辆容量,日期,星期,时段,时段类型,是否高峰,客流人数,满载率,运营班次
1路,市中心区,80,2024-01-01,Monday,6,平峰,False,34,0.425,2
1路,市中心区,80,2024-01-01,Monday,7,早高峰,True,88,1.1,6
1路,市中心区,80,2024-01-01,Monday,8,早高峰,True,100,1.25,9
1路,市中心区,80,2024-01-01,Monday,9,早高峰,True,100,1.25,5
1路,市中心区,80,2024-01-01,Monday,10,平峰,False,35,0.438,5
1路,市中心区,80,2024-01-01,Monday,11,平峰,False,61,0.762,5
1路,市中心区,80,2024-01-01,Monday,12,平峰,False,34,0.425,4
1路,市中心区,80,2024-01-01,Monday,13,平峰,False,47,0.588,2
1路,市中心区,80,2024-01-01,Monday,14,平峰,False,44,0.55,2
1路,市中心区,80,2024-01-01,Monday,15,平峰,False,41,0.512,2
1路,市中心区,80,2024-01-01,Monday,16,平峰,False,35,0.438,5
1路,市中心区,80,2024-01-01,Monday,17,晚高峰,True,100,1.25,11
1路,市中心区,80,2024-01-01,Monday,18,晚高峰,True,100,1.25,9
1路,市中心区,80,2024-01-01,Monday,19,晚高峰,True,100,1.25,5
1路,市中心区,80,2024-01-01,Monday,20,平峰,False,57,0.713,5
1路,市中心区,80,2024-01-01,Monday,21,平峰,False,20,0.25,3
1路,市中心区,80,2024-01-01,Monday,22,平峰,False,5,0.062,2
1路,市中心区,80,2024-01-02,Tuesday,6,平峰,False,34,0.425,2
1路,市中心区,80,2024-01-02,Tuesday,7,早高峰,True,100,1.25,10
1路,市中心区,80,2024-01-02,Tuesday,8,早高峰,True,35,0.438,10
1路,市中心区,80,2024-01-02,Tuesday,9,早高峰,True,100,1.25,4
1路,市中心区,80,2024-01-02,Tuesday,10,平峰,False,59,0.738,3
1路,市中心区,80,2024-01-02,Tuesday,11,平峰,False,39,0.487,4
1路,市中心区,80,2024-01-02,Tuesday,12,平峰,False,100,1.25,3
1路,市中心区,80,2024-01-02,Tuesday,13,平峰,False,68,0.85,3
1路,市中心区,80,2024-01-02,Tuesday,14,平峰,False,59,0.738,4
1路,市中心区,80,2024-01-02,Tuesday,15,平峰,False,58,0.725,2
1路,市中心区,80,2024-01-02,Tuesday,16,平峰,False,39,0.487,5
1路,市中心区,80,2024-01-02,Tuesday,17,晚高峰,True,67,0.838,9
1路,市中心区,80,2024-01-02,Tuesday,18,晚高峰,True,100,1.25,8
1路,市中心区,80,2024-01-02,Tuesday,19,晚高峰,True,83,1.038,8
1路,市中心区,80,2024-01-02,Tuesday,20,平峰,False,34,0.425,5
1路,市中心区,80,2024-01-02,Tuesday,21,平峰,False,30,0.375,4
1路,市中心区,80,2024-01-02,Tuesday,22,平峰,False,16,0.2,3
1路,市中心区,80,2024-01-03,Wednesday,6,平峰,False,22,0.275,5
1路,市中心区,80,2024-01-03,Wednesday,7,早高峰,True,58,0.725,6
1路,市中心区,80,2024-01-03,Wednesday,8,早高峰,True,59,0.738,7
1路,市中心区,80,2024-01-03,Wednesday,9,早高峰,True,90,1.125,11
1路,市中心区,80,2024-01-03,Wednesday,10,平峰,False,43,0.537,2
1路,市中心区,80,2024-01-03,Wednesday,11,平峰,False,41,0.512,4
1路,市中心区,80,2024-01-03,Wednesday,12,平峰,False,31,0.388,2
1路,市中心区,80,2024-01-03,Wednesday,13,平峰,False,62,0.775,5
1路,市中心区,80,2024-01-03,Wednesday,14,平峰,False,46,0.575,3
1路,市中心区,80,2024-01-03,Wednesday,15,平峰,False,19,0.237,3
1路,市中心区,80,2024-01-03,Wednesday,16,平峰,False,49,0.613,4
1路,市中心区,80,2024-01-03,Wednesday,17,晚高峰,True,60,0.75,8
1路,市中心区,80,2024-01-03,Wednesday,18,晚高峰,True,100,1.25,11
1路,市中心区,80,2024-01-03,Wednesday,19,晚高峰,True,98,1.225,11
1路,市中心区,80,2024-01-03,Wednesday,20,平峰,False,44,0.55,4
1路,市中心区,80,2024-01-03,Wednesday,21,平峰,False,30,0.375,5
1路,市中心区,80,2024-01-03,Wednesday,22,平峰,False,23,0.287,5
1路,市中心区,80,2024-01-04,Thursday,6,平峰,False,42,0.525,2
1路,市中心区,80,2024-01-04,Thursday,7,早高峰,True,100,1.25,5
1路,市中心区,80,2024-01-04,Thursday,8,早高峰,True,100,1.25,4
1路,市中心区,80,2024-01-04,Thursday,9,早高峰,True,100,1.25,6
1路,市中心区,80,2024-01-04,Thursday,10,平峰,False,63,0.787,5
1路,市中心区,80,2024-01-04,Thursday,11,平峰,False,75,0.938,4
1路,市中心区,80,2024-01-04,Thursday,12,平峰,False,96,1.2,2
1路,市中心区,80,2024-01-04,Thursday,13,平峰,False,61,0.762,5
1路,市中心区,80,2024-01-04,Thursday,14,平峰,False,43,0.537,5
1路,市中心区,80,2024-01-04,Thursday,15,平峰,False,68,0.85,4
1路,市中心区,80,2024-01-04,Thursday,16,平峰,False,40,0.5,5
1路,市中心区,80,2024-01-04,Thursday,17,晚高峰,True,93,1.163,9
1路,市中心区,80,2024-01-04,Thursday,18,晚高峰,True,100,1.25,11
1路,市中心区,80,2024-01-04,Thursday,19,晚高峰,True,100,1.25,7
1路,市中心区,80,2024-01-04,Thursday,20,平峰,False,63,0.787,5
1路,市中心区,80,2024-01-04,Thursday,21,平峰,False,23,0.287,2
1路,市中心区,80,2024-01-04,Thursday,22,平峰,False,10,0.125,5
1路,市中心区,80,2024-01-05,Friday,6,平峰,False,36,0.45,2
1路,市中心区,80,2024-01-05,Friday,7,早高峰,True,100,1.25,4
1路,市中心区,80,2024-01-05,Friday,8,早高峰,True,85,1.062,10
1路,市中心区,80,2024-01-05,Friday,9,早高峰,True,87,1.087,5
1路,市中心区,80,2024-01-05,Friday,10,平峰,False,56,0.7,2
1路,市中心区,80,2024-01-05,Friday,11,平峰,False,69,0.863,3
1路,市中心区,80,2024-01-05,Friday,12,平峰,False,84,1.05,2
1路,市中心区,80,2024-01-05,Friday,13,平峰,False,41,0.512,3
1路,市中心区,80,2024-01-05,Friday,14,平峰,False,51,0.637,4
1路,市中心区,80,2024-01-05,Friday,15,平峰,False,44,0.55,5
1路,市中心区,80,2024-01-05,Friday,16,平峰,False,39,0.487,2
1路,市中心区,80,2024-01-05,Friday,17,晚高峰,True,100,1.25,5
1路,市中心区,80,2024-01-05,Friday,18,晚高峰,True,97,1.212,4
1路,市中心区,80,2024-01-05,Friday,19,晚高峰,True,100,1.25,10
1路,市中心区,80,2024-01-05,Friday,20,平峰,False,98,1.225,4
1路,市中心区,80,2024-01-05,Friday,21,平峰,False,22,0.275,3
1路,市中心区,80,2024-01-05,Friday,22,平峰,False,31,0.388,2
1路,市中心区,80,2024-01-06,Saturday,6,平峰,False,8,0.1,2
1路,市中心区,80,2024-01-06,Saturday,7,早高峰,True,88,1.1,10
1路,市中心区,80,2024-01-06,Saturday,8,早高峰,True,100,1.25,6
1路,市中心区,80,2024-01-06,Saturday,9,早高峰,True,91,1.137,4
1路,市中心区,80,2024-01-06,Saturday,10,平峰,False,34,0.425,4
1路,市中心区,80,2024-01-06,Saturday,11,平峰,False,71,0.887,5
1路,市中心区,80,2024-01-06,Saturday,12,平峰,False,62,0.775,2
1路,市中心区,80,2024-01-06,Saturday,13,平峰,False,91,1.137,3
1路,市中心区,80,2024-01-06,Saturday,14,平峰,False,52,0.65,5
1路,市中心区,80,2024-01-06,Saturday,15,平峰,False,35,0.438,5
1路,市中心区,80,2024-01-06,Saturday,16,平峰,False,59,0.738,5
1路,市中心区,80,2024-01-06,Saturday,17,晚高峰,True,52,0.65,4
1路,市中心区,80,2024-01-06,Saturday,18,晚高峰,True,100,1.25,4
1路,市中心区,80,2024-01-06,Saturday,19,晚高峰,True,100,1.25,11
1路,市中心区,80,2024-01-06,Saturday,20,平峰,False,63,0.787,3
1路,市中心区,80,2024-01-06,Saturday,21,平峰,False,26,0.325,2
1路,市中心区,80,2024-01-06,Saturday,22,平峰,False,26,0.325,2
1路,市中心区,80,2024-01-07,Sunday,6,平峰,False,26,0.325,2
1路,市中心区,80,2024-01-07,Sunday,7,早高峰,True,100,1.25,7
1路,市中心区,80,2024-01-07,Sunday,8,早高峰,True,100,1.25,9
1路,市中心区,80,2024-01-07,Sunday,9,早高峰,True,67,0.838,10
1路,市中心区,80,2024-01-07,Sunday,10,平峰,False,42,0.525,2
1路,市中心区,80,2024-01-07,Sunday,11,平峰,False,83,1.038,2
1路,市中心区,80,2024-01-07,Sunday,12,平峰,False,62,0.775,2
1路,市中心区,80,2024-01-07,Sunday,13,平峰,False,68,0.85,4
1路,市中心区,80,2024-01-07,Sunday,14,平峰,False,53,0.662,4
1路,市中心区,80,2024-01-07,Sunday,15,平峰,False,81,1.012,2
1路,市中心区,80,2024-01-07,Sunday,16,平峰,False,64,0.8,2
1路,市中心区,80,2024-01-07,Sunday,17,晚高峰,True,100,1.25,4
1路,市中心区,80,2024-01-07,Sunday,18,晚高峰,True,100,1.25,10
1路,市中心区,80,2024-01-07,Sunday,19,晚高峰,True,54,0.675,6
1路,市中心区,80,2024-01-07,Sunday,20,平峰,False,41,0.512,2
1路,市中心区,80,2024-01-07,Sunday,21,平峰,False,24,0.3,3
1路,市中心区,80,2024-01-07,Sunday,22,平峰,False,21,0.263,3
2路,市中心区,60,2024-01-01,Monday,6,平峰,False,20,0.333,3
2路,市中心区,60,2024-01-01,Monday,7,早高峰,True,80,1.333,5
2路,市中心区,60,2024-01-01,Monday,8,早高峰,True,80,1.333,10
2路,市中心区,60,2024-01-01,Monday,9,早高峰,True,80,1.333,10
2路,市中心区,60,2024-01-01,Monday,10,平峰,False,25,0.417,2
2路,市中心区,60,2024-01-01,Monday,11,平峰,False,50,0.833,4
2路,市中心区,60,2024-01-01,Monday,12,平峰,False,42,0.7,2
2路,市中心区,60,2024-01-01,Monday,13,平峰,False,58,0.967,3
2路,市中心区,60,2024-01-01,Monday,14,平峰,False,47,0.783,4
2路,市中心区,60,2024-01-01,Monday,15,平峰,False,42,0.7,5
2路,市中心区,60,2024-01-01,Monday,16,平峰,False,20,0.333,5
2路,市中心区,60,2024-01-01,Monday,17,晚高峰,True,21,0.35,7
2路,市中心区,60,2024-01-01,Monday,18,晚高峰,True,41,0.683,10
2路,市中心区,60,2024-01-01,Monday,19,晚高峰,True,35,0.583,7
2路,市中心区,60,2024-01-01,Monday,20,平峰,False,25,0.417,4
2路,市中心区,60,2024-01-01,Monday,21,平峰,False,38,0.633,5
2路,市中心区,60,2024-01-01,Monday,22,平峰,False,28,0.467,5
2路,市中心区,60,2024-01-02,Tuesday,6,平峰,False,31,0.517,2
2路,市中心区,60,2024-01-02,Tuesday,7,早高峰,True,80,1.333,6
2路,市中心区,60,2024-01-02,Tuesday,8,早高峰,True,80,1.333,6
2路,市中心区,60,2024-01-02,Tuesday,9,早高峰,True,80,1.333,8
2路,市中心区,60,2024-01-02,Tuesday,10,平峰,False,36,0.6,2
2路,市中心区,60,2024-01-02,Tuesday,11,平峰,False,71,1.183,2
2路,市中心区,60,2024-01-02,Tuesday,12,平峰,False,33,0.55,2
2路,市中心区,60,2024-01-02,Tuesday,13,平峰,False,55,0.917,3
2路,市中心区,60,2024-01-02,Tuesday,14,平峰,False,23,0.383,3
2路,市中心区,60,2024-01-02,Tuesday,15,平峰,False,5,0.083,4
2路,市中心区,60,2024-01-02,Tuesday,16,平峰,False,50,0.833,3
2路,市中心区,60,2024-01-02,Tuesday,17,晚高峰,True,80,1.333,10
2路,市中心区,60,2024-01-02,Tuesday,18,晚高峰,True,80,1.333,6
2路,市中心区,60,2024-01-02,Tuesday,19,晚高峰,True,80,1.333,5
2路,市中心区,60,2024-01-02,Tuesday,20,平峰,False,26,0.433,4
2路,市中心区,60,2024-01-02,Tuesday,21,平峰,False,20,0.333,2
2路,市中心区,60,2024-01-02,Tuesday,22,平峰,False,29,0.483,4
2路,市中心区,60,2024-01-03,Wednesday,6,平峰,False,33,0.55,2
2路,市中心区,60,2024-01-03,Wednesday,7,早高峰,True,42,0.7,5
2路,市中心区,60,2024-01-03,Wednesday,8,早高峰,True,55,0.917,6
2路,市中心区,60,2024-01-03,Wednesday,9,早高峰,True,80,1.333,10
2路,市中心区,60,2024-01-03,Wednesday,10,平峰,False,26,0.433,5
2路,市中心区,60,2024-01-03,Wednesday,11,平峰,False,35,0.583,4
2路,市中心区,60,2024-01-03,Wednesday,12,平峰,False,63,1.05,2
2路,市中心区,60,2024-01-03,Wednesday,13,平峰,False,33,0.55,2
2路,市中心区,60,2024-01-03,Wednesday,14,平峰,False,75,1.25,5
2路,市中心区,60,2024-01-03,Wednesday,15,平峰,False,19,0.317,3
2路,市中心区,60,2024-01-03,Wednesday,16,平峰,False,12,0.2,3
2路,市中心区,60,2024-01-03,Wednesday,17,晚高峰,True,80,1.333,9
2路,市中心区,60,2024-01-03,Wednesday,18,晚高峰,True,60,1.0,7
2路,市中心区,60,2024-01-03,Wednesday,19,晚高峰,True,80,1.333,10
2路,市中心区,60,2024-01-03,Wednesday,20,平峰,False,46,0.767,3
2路,市中心区,60,2024-01-03,Wednesday,21,平峰,False,21,0.35,2
2路,市中心区,60,2024-01-03,Wednesday,22,平峰,False,21,0.35,4
2路,市中心区,60,2024-01-04,Thursday,6,平峰,False,14,0.233,4
2路,市中心区,60,2024-01-04,Thursday,7,早高峰,True,71,1.183,7
2路,市中心区,60,2024-01-04,Thursday,8,早高峰,True,63,1.05,4
2路,市中心区,60,2024-01-04,Thursday,9,早高峰,True,68,1.133,4
2路,市中心区,60,2024-01-04,Thursday,10,平峰,False,25,0.417,4
2路,市中心区,60,2024-01-04,Thursday,11,平峰,False,71,1.183,5
2路,市中心区,60,2024-01-04,Thursday,12,平峰,False,37,0.617,3
2路,市中心区,60,2024-01-04,Thursday,13,平峰,False,31,0.517,3
2路,市中心区,60,2024-01-04,Thursday,14,平峰,False,23,0.383,3
2路,市中心区,60,2024-01-04,Thursday,15,平峰,False,18,0.3,5
2路,市中心区,60,2024-01-04,Thursday,16,平峰,False,28,0.467,3
2路,市中心区,60,2024-01-04,Thursday,17,晚高峰,True,80,1.333,9
2路,市中心区,60,2024-01-04,Thursday,18,晚高峰,True,63,1.05,4
2路,市中心区,60,2024-01-04,Thursday,19,晚高峰,True,80,1.333,8
2路,市中心区,60,2024-01-04,Thursday,20,平峰,False,32,0.533,3
2路,市中心区,60,2024-01-04,Thursday,21,平峰,False,21,0.35,5
2路,市中心区,60,2024-01-04,Thursday,22,平峰,False,14,0.233,2
2路,市中心区,60,2024-01-05,Friday,6,平峰,False,25,0.417,4
2路,市中心区,60,2024-01-05,Friday,7,早高峰,True,80,1.333,10
2路,市中心区,60,2024-01-05,Friday,8,早高峰,True,56,0.933,7
2路,市中心区,60,2024-01-05,Friday,9,早高峰,True,80,1.333,6
2路,市中心区,60,2024-01-05,Friday,10,平峰,False,59,0.983,4
2路,市中心区,60,2024-01-05,Friday,11,平峰,False,61,1.017,5
2路,市中心区,60,2024-01-05,Friday,12,平峰,False,65,1.083,3
2路,市中心区,60,2024-01-05,Friday,13,平峰,False,74,1.233,5
2路,市中心区,60,2024-01-05,Friday,14,平峰,False,47,0.783,5
2路,市中心区,60,2024-01-05,Friday,15,平峰,False,29,0.483,2
2路,市中心区,60,2024-01-05,Friday,16,平峰,False,33,0.55,3
2路,市中心区,60,2024-01-05,Friday,17,晚高峰,True,80,1.333,11
2路,市中心区,60,2024-01-05,Friday,18,晚高峰,True,80,1.333,8
2路,市中心区,60,2024-01-05,Friday,19,晚高峰,True,80,1.333,4
2路,市中心区,60,2024-01-05,Friday,20,平峰,False,8,0.133,3
2路,市中心区,60,2024-01-05,Friday,21,平峰,False,29,0.483,4
2路,市中心区,60,2024-01-05,Friday,22,平峰,False,5,0.083,3
2路,市中心区,60,2024-01-06,Saturday,6,平峰,False,21,0.35,5
2路,市中心区,60,2024-01-06,Saturday,7,早高峰,True,80,1.333,4
2路,市中心区,60,2024-01-06,Saturday,8,早高峰,True,59,0.983,9
2路,市中心区,60,2024-01-06,Saturday,9,早高峰,True,80,1.333,5
2路,市中心区,60,2024-01-06,Saturday,10,平峰,False,44,0.733,4
2路,市中心区,60,2024-01-06,Saturday,11,平峰,False,20,0.333,4
2路,市中心区,60,2024-01-06,Saturday,12,平峰,False,44,0.733,5
2路,市中心区,60,2024-01-06,Saturday,13,平峰,False,80,1.333,4
2路,市中心区,60,2024-01-06,Saturday,14,平峰,False,19,0.317,3
2路,市中心区,60,2024-01-06,Saturday,15,平峰,False,16,0.267,4
2路,市中心区,60,2024-01-06,Saturday,16,平峰,False,43,0.717,5
2路,市中心区,60,2024-01-06,Saturday,17,晚高峰,True,78,1.3,6
2路,市中心区,60,2024-01-06,Saturday,18,晚高峰,True,80,1.333,11
2路,市中心区,60,2024-01-06,Saturday,19,晚高峰,True,74,1.233,6
2路,市中心区,60,2024-01-06,Saturday,20,平峰,False,39,0.65,3
2路,市中心区,60,2024-01-06,Saturday,21,平峰,False,11,0.183,4
2路,市中心区,60,2024-01-06,Saturday,22,平峰,False,42,0.7,2
2路,市中心区,60,2024-01-07,Sunday,6,平峰,False,22,0.367,3
2路,市中心区,60,2024-01-07,Sunday,7,早高峰,True,52,0.867,6
2路,市中心区,60,2024-01-07,Sunday,8,早高峰,True,80,1.333,6
2路,市中心区,60,2024-01-07,Sunday,9,早高峰,True,46,0.767,6
2路,市中心区,60,2024-01-07,Sunday,10,平峰,False,29,0.483,5
2路,市中心区,60,2024-01-07,Sunday,11,平峰,False,61,1.017,4
2路,市中心区,60,2024-01-07,Sunday,12,平峰,False,27,0.45,2
2路,市中心区,60,2024-01-07,Sunday,13,平峰,False,34,0.567,2
2路,市中心区,60,2024-01-07,Sunday,14,平峰,False,21,0.35,5
2路,市中心区,60,2024-01-07,Sunday,15,平峰,False,35,0.583,4
2路,市中心区,60,2024-01-07,Sunday,16,平峰,False,38,0.633,3
2路,市中心区,60,2024-01-07,Sunday,17,晚高峰,True,80,1.333,9
2路,市中心区,60,2024-01-07,Sunday,18,晚高峰,True,80,1.333,4
2路,市中心区,60,2024-01-07,Sunday,19,晚高峰,True,80,1.333,4
2路,市中心区,60,2024-01-07,Sunday,20,平峰,False,27,0.45,4
2路,市中心区,60,2024-01-07,Sunday,21,平峰,False,5,0.083,5
2路,市中心区,60,2024-01-07,Sunday,22,平峰,False,10,0.167,4
3路,东城区,70,2024-01-01,Monday,6,平峰,False,15,0.214,2
3路,东城区,70,2024-01-01,Monday,7,早高峰,True,90,1.286,11
3路,东城区,70,2024-01-01,Monday,8,早高峰,True,90,1.286,7
3路,东城区,70,2024-01-01,Monday,9,早高峰,True,26,0.371,5
3路,东城区,70,2024-01-01,Monday,10,平峰,False,27,0.386,3
3路,东城区,70,2024-01-01,Monday,11,平峰,False,50,0.714,4
3路,东城区,70,2024-01-01,Monday,12,平峰,False,44,0.629,2
3路,东城区,70,2024-01-01,Monday,13,平峰,False,52,0.743,2
3路,东城区,70,2024-01-01,Monday,14,平峰,False,31,0.443,3
3路,东城区,70,2024-01-01,Monday,15,平峰,False,28,0.4,3
3路,东城区,70,2024-01-01,Monday,16,平峰,False,39,0.557,5
3路,东城区,70,2024-01-01,Monday,17,晚高峰,True,59,0.843,4
3路,东城区,70,2024-01-01,Monday,18,晚高峰,True,90,1.286,9
3路,东城区,70,2024-01-01,Monday,19,晚高峰,True,59,0.843,8
3路,东城区,70,2024-01-01,Monday,20,平峰,False,18,0.257,4
3路,东城区,70,2024-01-01,Monday,21,平峰,False,31,0.443,2
3路,东城区,70,2024-01-01,Monday,22,平峰,False,7,0.1,3
3路,东城区,70,2024-01-02,Tuesday,6,平峰,False,15,0.214,4
3路,东城区,70,2024-01-02,Tuesday,7,早高峰,True,90,1.286,10
3路,东城区,70,2024-01-02,Tuesday,8,早高峰,True,90,1.286,9
3路,东城区,70,2024-01-02,Tuesday,9,早高峰,True,61,0.871,6
3路,东城区,70,2024-01-02,Tuesday,10,平峰,False,37,0.529,5
3路,东城区,70,2024-01-02,Tuesday,11,平峰,False,37,0.529,3
3路,东城区,70,2024-01-02,Tuesday,12,平峰,False,45,0.643,5
3路,东城区,70,2024-01-02,Tuesday,13,平峰,False,35,0.5,3
3路,东城区,70,2024-01-02,Tuesday,14,平峰,False,43,0.614,2
3路,东城区,70,2024-01-02,Tuesday,15,平峰,False,29,0.414,2
3路,东城区,70,2024-01-02,Tuesday,16,平峰,False,50,0.714,2
3路,东城区,70,2024-01-02,Tuesday,17,晚高峰,True,88,1.257,7
3路,东城区,70,2024-01-02,Tuesday,18,晚高峰,True,62,0.886,4
3路,东城区,70,2024-01-02,Tuesday,19,晚高峰,True,38,0.543,11
3路,东城区,70,2024-01-02,Tuesday,20,平峰,False,47,0.671,2
3路,东城区,70,2024-01-02,Tuesday,21,平峰,False,37,0.529,2
3路,东城区,70,2024-01-02,Tuesday,22,平峰,False,26,0.371,2
3路,东城区,70,2024-01-03,Wednesday,6,平峰,False,20,0.286,2
3路,东城区,70,2024-01-03,Wednesday,7,早高峰,True,24,0.343,10
3路,东城区,70,2024-01-03,Wednesday,8,早高峰,True,90,1.286,10
3路,东城区,70,2024-01-03,Wednesday,9,早高峰,True,90,1.286,6
3路,东城区,70,2024-01-03,Wednesday,10,平峰,False,35,0.5,2
3路,东城区,70,2024-01-03,Wednesday,11,平峰,False,35,0.5,2
3路,东城区,70,2024-01-03,Wednesday,12,平峰,False,40,0.571,4
3路,东城区,70,2024-01-03,Wednesday,13,平峰,False,49,0.7,5
3路,东城区,70,2024-01-03,Wednesday,14,平峰,False,31,0.443,3
3路,东城区,70,2024-01-03,Wednesday,15,平峰,False,9,0.129,5
3路,东城区,70,2024-01-03,Wednesday,16,平峰,False,39,0.557,5
3路,东城区,70,2024-01-03,Wednesday,17,晚高峰,True,90,1.286,4
3路,东城区,70,2024-01-03,Wednesday,18,晚高峰,True,72,1.029,8
3路,东城区,70,2024-01-03,Wednesday,19,晚高峰,True,26,0.371,5
3路,东城区,70,2024-01-03,Wednesday,20,平峰,False,5,0.071,5
3路,东城区,70,2024-01-03,Wednesday,21,平峰,False,20,0.286,4
3路,东城区,70,2024-01-03,Wednesday,22,平峰,False,23,0.329,5
3路,东城区,70,2024-01-04,Thursday,6,平峰,False,13,0.186,3
3路,东城区,70,2024-01-04,Thursday,7,早高峰,True,90,1.286,5
3路,东城区,70,2024-01-04,Thursday,8,早高峰,True,76,1.086,11
3路,东城区,70,2024-01-04,Thursday,9,早高峰,True,73,1.043,4
3路,东城区,70,2024-01-04,Thursday,10,平峰,False,58,0.829,2
3路,东城区,70,2024-01-04,Thursday,11,平峰,False,28,0.4,3
3路,东城区,70,2024-01-04,Thursday,12,平峰,False,70,1.0,2
3路,东城区,70,2024-01-04,Thursday,13,平峰,False,74,1.057,2
3路,东城区,70,2024-01-04,Thursday,14,平峰,False,9,0.129,2
3路,东城区,70,2024-01-04,Thursday,15,平峰,False,35,0.5,5
3路,东城区,70,2024-01-04,Thursday,16,平峰,False,33,0.471,3
3路,东城区,70,2024-01-04,Thursday,17,晚高峰,True,18,0.257,8
3路,东城区,70,2024-01-04,Thursday,18,晚高峰,True,73,1.043,11
3路,东城区,70,2024-01-04,Thursday,19,晚高峰,True,64,0.914,11
3路,东城区,70,2024-01-04,Thursday,20,平峰,False,38,0.543,4
3路,东城区,70,2024-01-04,Thursday,21,平峰,False,24,0.343,4
3路,东城区,70,2024-01-04,Thursday,22,平峰,False,25,0.357,5
3路,东城区,70,2024-01-05,Friday,6,平峰,False,29,0.414,2
3路,东城区,70,2024-01-05,Friday,7,早高峰,True,48,0.686,7
3路,东城区,70,2024-01-05,Friday,8,早高峰,True,90,1.286,6
3路,东城区,70,2024-01-05,Friday,9,早高峰,True,90,1.286,5
3路,东城区,70,2024-01-05,Friday,10,平峰,False,19,0.271,3
3路,东城区,70,2024-01-05,Friday,11,平峰,False,64,0.914,3
3路,东城区,70,2024-01-05,Friday,12,平峰,False,45,0.643,2
3路,东城区,70,2024-01-05,Friday,13,平峰,False,28,0.4,2
3路,东城区,70,2024-01-05,Friday,14,平峰,False,28,0.4,3
3路,东城区,70,2024-01-05,Friday,15,平峰,False,26,0.371,3
3路,东城区,70,2024-01-05,Friday,16,平峰,False,30,0.429,3
3路,东城区,70,2024-01-05,Friday,17,晚高峰,True,90,1.286,7
3路,东城区,70,2024-01-05,Friday,18,晚高峰,True,66,0.943,9
3路,东城区,70,2024-01-05,Friday,19,晚高峰,True,76,1.086,11
3路,东城区,70,2024-01-05,Friday,20,平峰,False,27,0.386,2
3路,东城区,70,2024-01-05,Friday,21,平峰,False,14,0.2,4
3路,东城区,70,2024-01-05,Friday,22,平峰,False,28,0.4,3
3路,东城区,70,2024-01-06,Saturday,6,平峰,False,10,0.143,4
3路,东城区,70,2024-01-06,Saturday,7,早高峰,True,49,0.7,8
3路,东城区,70,2024-01-06,Saturday,8,早高峰,True,90,1.286,7
3路,东城区,70,2024-01-06,Saturday,9,早高峰,True,58,0.829,7
3路,东城区,70,2024-01-06,Saturday,10,平峰,False,6,0.086,3
3路,东城区,70,2024-01-06,Saturday,11,平峰,False,39,0.557,5
3路,东城区,70,2024-01-06,Saturday,12,平峰,False,53,0.757,5
3路,东城区,70,2024-01-06,Saturday,13,平峰,False,46,0.657,2
3路,东城区,70,2024-01-06,Saturday,14,平峰,False,26,0.371,4
3路,东城区,70,2024-01-06,Saturday,15,平峰,False,23,0.329,2
3路,东城区,70,2024-01-06,Saturday,16,平峰,False,17,0.243,3
3路,东城区,70,2024-01-06,Saturday,17,晚高峰,True,67,0.957,4
3路,东城区,70,2024-01-06,Saturday,18,晚高峰,True,72,1.029,5
3路,东城区,70,2024-01-06,Saturday,19,晚高峰,True,64,0.914,11
3路,东城区,70,2024-01-06,Saturday,20,平峰,False,46,0.657,3
3路,东城区,70,2024-01-06,Saturday,21,平峰,False,26,0.371,2
3路,东城区,70,2024-01-06,Saturday,22,平峰,False,24,0.343,2
3路,东城区,70,2024-01-07,Sunday,6,平峰,False,9,0.129,5
3路,东城区,70,2024-01-07,Sunday,7,早高峰,True,90,1.286,4
3路,东城区,70,2024-01-07,Sunday,8,早高峰,True,57,0.814,4
3路,东城区,70,2024-01-07,Sunday,9,早高峰,True,75,1.071,9
3路,东城区,70,2024-01-07,Sunday,10,平峰,False,53,0.757,3
3路,东城区,70,2024-01-07,Sunday,11,平峰,False,45,0.643,4
3路,东城区,70,2024-01-07,Sunday,12,平峰,False,38,0.543,5
3路,东城区,70,2024-01-07,Sunday,13,平峰,False,50,0.714,4
3路,东城区,70,2024-01-07,Sunday,14,平峰,False,38,0.543,3
3路,东城区,70,2024-01-07,Sunday,15,平峰,False,40,0.571,4
3路,东城区,70,2024-01-07,Sunday,16,平峰,False,48,0.686,4
3路,东城区,70,2024-01-07,Sunday,17,晚高峰,True,90,1.286,4
3路,东城区,70,2024-01-07,Sunday,18,晚高峰,True,72,1.029,7
3路,东城区,70,2024-01-07,Sunday,19,晚高峰,True,87,1.243,11
3路,东城区,70,2024-01-07,Sunday,20,平峰,False,58,0.829,3
3路,东城区,70,2024-01-07,Sunday,21,平峰,False,19,0.271,4
3路,东城区,70,2024-01-07,Sunday,22,平峰,False,16,0.229,2
4路,西城区,65,2024-01-01,Monday,6,平峰,False,8,0.123,2
4路,西城区,65,2024-01-01,Monday,7,早高峰,True,85,1.308,7
4路,西城区,65,2024-01-01,Monday,8,早高峰,True,85,1.308,7
4路,西城区,65,2024-01-01,Monday,9,早高峰,True,57,0.877,11
4路,西城区,65,2024-01-01,Monday,10,平峰,False,58,0.892,5
4路,西城区,65,2024-01-01,Monday,11,平峰,False,14,0.215,3
4路,西城区,65,2024-01-01,Monday,12,平峰,False,11,0.169,2
4路,西城区,65,2024-01-01,Monday,13,平峰,False,37,0.569,5
4路,西城区,65,2024-01-01,Monday,14,平峰,False,56,0.862,3
4路,西城区,65,2024-01-01,Monday,15,平峰,False,39,0.6,3
4路,西城区,65,2024-01-01,Monday,16,平峰,False,21,0.323,3
4路,西城区,65,2024-01-01,Monday,17,晚高峰,True,20,0.308,9
4路,西城区,65,2024-01-01,Monday,18,晚高峰,True,48,0.738,6
4路,西城区,65,2024-01-01,Monday,19,晚高峰,True,52,0.8,11
4路,西城区,65,2024-01-01,Monday,20,平峰,False,11,0.169,4
4路,西城区,65,2024-01-01,Monday,21,平峰,False,7,0.108,3
4路,西城区,65,2024-01-01,Monday,22,平峰,False,8,0.123,5
4路,西城区,65,2024-01-02,Tuesday,6,平峰,False,15,0.231,2
4路,西城区,65,2024-01-02,Tuesday,7,早高峰,True,47,0.723,4
4路,西城区,65,2024-01-02,Tuesday,8,早高峰,True,85,1.308,10
4路,西城区,65,2024-01-02,Tuesday,9,早高峰,True,85,1.308,9
4路,西城区,65,2024-01-02,Tuesday,10,平峰,False,24,0.369,5
4路,西城区,65,2024-01-02,Tuesday,11,平峰,False,38,0.585,2
4路,西城区,65,2024-01-02,Tuesday,12,平峰,False,42,0.646,3
4路,西城区,65,2024-01-02,Tuesday,13,平峰,False,42,0.646,4
4路,西城区,65,2024-01-02,Tuesday,14,平峰,False,41,0.631,4
4路,西城区,65,2024-01-02,Tuesday,15,平峰,False,18,0.277,4
4路,西城区,65,2024-01-02,Tuesday,16,平峰,False,24,0.369,5
4路,西城区,65,2024-01-02,Tuesday,17,晚高峰,True,70,1.077,8
4路,西城区,65,2024-01-02,Tuesday,18,晚高峰,True,72,1.108,8
4路,西城区,65,2024-01-02,Tuesday,19,晚高峰,True,66,1.015,5
4路,西城区,65,2024-01-02,Tuesday,20,平峰,False,40,0.615,5
4路,西城区,65,2024-01-02,Tuesday,21,平峰,False,19,0.292,2
4路,西城区,65,2024-01-02,Tuesday,22,平峰,False,11,0.169,2
4路,西城区,65,2024-01-03,Wednesday,6,平峰,False,13,0.2,5
4路,西城区,65,2024-01-03,Wednesday,7,早高峰,True,85,1.308,8
4路,西城区,65,2024-01-03,Wednesday,8,早高峰,True,65,1.0,9
4路,西城区,65,2024-01-03,Wednesday,9,早高峰,True,85,1.308,5
4路,西城区,65,2024-01-03,Wednesday,10,平峰,False,32,0.492,2
4路,西城区,65,2024-01-03,Wednesday,11,平峰,False,41,0.631,2
4路,西城区,65,2024-01-03,Wednesday,12,平峰,False,46,0.708,4
4路,西城区,65,2024-01-03,Wednesday,13,平峰,False,41,0.631,2
4路,西城区,65,2024-01-03,Wednesday,14,平峰,False,22,0.338,3
4路,西城区,65,2024-01-03,Wednesday,15,平峰,False,26,0.4,3
4路,西城区,65,2024-01-03,Wednesday,16,平峰,False,48,0.738,2
4路,西城区,65,2024-01-03,Wednesday,17,晚高峰,True,85,1.308,9
4路,西城区,65,2024-01-03,Wednesday,18,晚高峰,True,34,0.523,6
4路,西城区,65,2024-01-03,Wednesday,19,晚高峰,True,85,1.308,6
4路,西城区,65,2024-01-03,Wednesday,20,平峰,False,43,0.662,4
4路,西城区,65,2024-01-03,Wednesday,21,平峰,False,21,0.323,4
4路,西城区,65,2024-01-03,Wednesday,22,平峰,False,5,0.077,3
4路,西城区,65,2024-01-04,Thursday,6,平峰,False,6,0.092,4
4路,西城区,65,2024-01-04,Thursday,7,早高峰,True,85,1.308,5
4路,西城区,65,2024-01-04,Thursday,8,早高峰,True,85,1.308,7
4路,西城区,65,2024-01-04,Thursday,9,早高峰,True,85,1.308,7
4路,西城区,65,2024-01-04,Thursday,10,平峰,False,20,0.308,4
4路,西城区,65,2024-01-04,Thursday,11,平峰,False,47,0.723,5
4路,西城区,65,2024-01-04,Thursday,12,平峰,False,47,0.723,2
4路,西城区,65,2024-01-04,Thursday,13,平峰,False,27,0.415,2
4路,西城区,65,2024-01-04,Thursday,14,平峰,False,45,0.692,3
4路,西城区,65,2024-01-04,Thursday,15,平峰,False,46,0.708,4
4路,西城区,65,2024-01-04,Thursday,16,平峰,False,29,0.446,2
4路,西城区,65,2024-01-04,Thursday,17,晚高峰,True,79,1.215,6
4路,西城区,65,2024-01-04,Thursday,18,晚高峰,True,64,0.985,7
4路,西城区,65,2024-01-04,Thursday,19,晚高峰,True,85,1.308,5
4路,西城区,65,2024-01-04,Thursday,20,平峰,False,42,0.646,4
4路,西城区,65,2024-01-04,Thursday,21,平峰,False,17,0.262,2
4路,西城区,65,2024-01-04,Thursday,22,平峰,False,38,0.585,3
4路,西城区,65,2024-01-05,Friday,6,平峰,False,8,0.123,2
4路,西城区,65,2024-01-05,Friday,7,早高峰,True,72,1.108,10
4路,西城区,65,2024-01-05,Friday,8,早高峰,True,85,1.308,9
4路,西城区,65,2024-01-05,Friday,9,早高峰,True,39,0.6,11
4路,西城区,65,2024-01-05,Friday,10,平峰,False,55,0.846,2
4路,西城区,65,2024-01-05,Friday,11,平峰,False,20,0.308,5
4路,西城区,65,2024-01-05,Friday,12,平峰,False,59,0.908,5
4路,西城区,65,2024-01-05,Friday,13,平峰,False,35,0.538,3
4路,西城区,65,2024-01-05,Friday,14,平峰,False,24,0.369,3
4路,西城区,65,2024-01-05,Friday,15,平峰,False,32,0.492,4
4路,西城区,65,2024-01-05,Friday,16,平峰,False,5,0.077,4
4路,西城区,65,2024-01-05,Friday,17,晚高峰,True,74,1.138,7
4路,西城区,65,2024-01-05,Friday,18,晚高峰,True,85,1.308,5
4路,西城区,65,2024-01-05,Friday,19,晚高峰,True,65,1.0,4
4路,西城区,65,2024-01-05,Friday,20,平峰,False,5,0.077,4
4路,西城区,65,2024-01-05,Friday,21,平峰,False,10,0.154,5
4路,西城区,65,2024-01-05,Friday,22,平峰,False,20,0.308,5
4路,西城区,65,2024-01-06,Saturday,6,平峰,False,16,0.246,2
4路,西城区,65,2024-01-06,Saturday,7,早高峰,True,85,1.308,8
4路,西城区,65,2024-01-06,Saturday,8,早高峰,True,45,0.692,6
4路,西城区,65,2024-01-06,Saturday,9,早高峰,True,76,1.169,9
4路,西城区,65,2024-01-06,Saturday,10,平峰,False,42,0.646,4
4路,西城区,65,2024-01-06,Saturday,11,平峰,False,44,0.677,5
4路,西城区,65,2024-01-06,Saturday,12,平峰,False,42,0.646,3
4路,西城区,65,2024-01-06,Saturday,13,平峰,False,79,1.215,3
4路,西城区,65,2024-01-06,Saturday,14,平峰,False,35,0.538,5
4路,西城区,65,2024-01-06,Saturday,15,平峰,False,31,0.477,4
4路,西城区,65,2024-01-06,Saturday,16,平峰,False,15,0.231,3
4路,西城区,65,2024-01-06,Saturday,17,晚高峰,True,85,1.308,8
4路,西城区,65,2024-01-06,Saturday,18,晚高峰,True,85,1.308,8
4路,西城区,65,2024-01-06,Saturday,19,晚高峰,True,82,1.262,8
4路,西城区,65,2024-01-06,Saturday,20,平峰,False,22,0.338,3
4路,西城区,65,2024-01-06,Saturday,21,平峰,False,7,0.108,5
4路,西城区,65,2024-01-06,Saturday,22,平峰,False,20,0.308,3
4路,西城区,65,2024-01-07,Sunday,6,平峰,False,22,0.338,5
4路,西城区,65,2024-01-07,Sunday,7,早高峰,True,85,1.308,6
4路,西城区,65,2024-01-07,Sunday,8,早高峰,True,85,1.308,4
4路,西城区,65,2024-01-07,Sunday,9,早高峰,True,85,1.308,6
4路,西城区,65,2024-01-07,Sunday,10,平峰,False,29,0.446,4
4路,西城区,65,2024-01-07,Sunday,11,平峰,False,37,0.569,4
4路,西城区,65,2024-01-07,Sunday,12,平峰,False,24,0.369,2
4路,西城区,65,2024-01-07,Sunday,13,平峰,False,66,1.015,4
4路,西城区,65,2024-01-07,Sunday,14,平峰,False,36,0.554,5
4路,西城区,65,2024-01-07,Sunday,15,平峰,False,15,0.231,5
4路,西城区,65,2024-01-07,Sunday,16,平峰,False,16,0.246,2
4路,西城区,65,2024-01-07,Sunday,17,晚高峰,True,32,0.492,10
4路,西城区,65,2024-01-07,Sunday,18,晚高峰,True,85,1.308,8
4路,西城区,65,2024-01-07,Sunday,19,晚高峰,True,48,0.738,10
4路,西城区,65,2024-01-07,Sunday,20,平峰,False,12,0.185,2
4路,西城区,65,2024-01-07,Sunday,21,平峰,False,9,0.138,5
4路,西城区,65,2024-01-07,Sunday,22,平峰,False,29,0.446,2
5路,南城区,75,2024-01-01,Monday,6,平峰,False,28,0.373,2
5路,南城区,75,2024-01-01,Monday,7,早高峰,True,91,1.213,5
5路,南城区,75,2024-01-01,Monday,8,早高峰,True,37,0.493,5
5路,南城区,75,2024-01-01,Monday,9,早高峰,True,95,1.267,10
5路,南城区,75,2024-01-01,Monday,10,平峰,False,39,0.52,5
5路,南城区,75,2024-01-01,Monday,11,平峰,False,44,0.587,2
5路,南城区,75,2024-01-01,Monday,12,平峰,False,43,0.573,2
5路,南城区,75,2024-01-01,Monday,13,平峰,False,65,0.867,4
5路,南城区,75,2024-01-01,Monday,14,平峰,False,32,0.427,3
5路,南城区,75,2024-01-01,Monday,15,平峰,False,5,0.067,2
5路,南城区,75,2024-01-01,Monday,16,平峰,False,47,0.627,5
5路,南城区,75,2024-01-01,Monday,17,晚高峰,True,51,0.68,4
5路,南城区,75,2024-01-01,Monday,18,晚高峰,True,91,1.213,5
5路,南城区,75,2024-01-01,Monday,19,晚高峰,True,40,0.533,4
5路,南城区,75,2024-01-01,Monday,20,平峰,False,24,0.32,3
5路,南城区,75,2024-01-01,Monday,21,平峰,False,10,0.133,3
5路,南城区,75,2024-01-01,Monday,22,平峰,False,43,0.573,5
5路,南城区,75,2024-01-02,Tuesday,6,平峰,False,12,0.16,2
5路,南城区,75,2024-01-02,Tuesday,7,早高峰,True,37,0.493,4
5路,南城区,75,2024-01-02,Tuesday,8,早高峰,True,67,0.893,7
5路,南城区,75,2024-01-02,Tuesday,9,早高峰,True,89,1.187,6
5路,南城区,75,2024-01-02,Tuesday,10,平峰,False,26,0.347,4
5路,南城区,75,2024-01-02,Tuesday,11,平峰,False,46,0.613,5
5路,南城区,75,2024-01-02,Tuesday,12,平峰,False,57,0.76,5
5路,南城区,75,2024-01-02,Tuesday,13,平峰,False,37,0.493,3
5路,南城区,75,2024-01-02,Tuesday,14,平峰,False,49,0.653,3
5路,南城区,75,2024-01-02,Tuesday,15,平峰,False,28,0.373,4
5路,南城区,75,2024-01-02,Tuesday,16,平峰,False,34,0.453,4
5路,南城区,75,2024-01-02,Tuesday,17,晚高峰,True,90,1.2,8
5路,南城区,75,2024-01-02,Tuesday,18,晚高峰,True,93,1.24,10
5路,南城区,75,2024-01-02,Tuesday,19,晚高峰,True,95,1.267,11
5路,南城区,75,2024-01-02,Tuesday,20,平峰,False,16,0.213,3
5路,南城区,75,2024-01-02,Tuesday,21,平峰,False,11,0.147,4
5路,南城区,75,2024-01-02,Tuesday,22,平峰,False,20,0.267,4
5路,南城区,75,2024-01-03,Wednesday,6,平峰,False,7,0.093,5
5路,南城区,75,2024-01-03,Wednesday,7,早高峰,True,95,1.267,7
5路,南城区,75,2024-01-03,Wednesday,8,早高峰,True,71,0.947,4
5路,南城区,75,2024-01-03,Wednesday,9,早高峰,True,95,1.267,9
5路,南城区,75,2024-01-03,Wednesday,10,平峰,False,5,0.067,5
5路,南城区,75,2024-01-03,Wednesday,11,平峰,False,36,0.48,3
5路,南城区,75,2024-01-03,Wednesday,12,平峰,False,54,0.72,3
5路,南城区,75,2024-01-03,Wednesday,13,平峰,False,32,0.427,2
5路,南城区,75,2024-01-03,Wednesday,14,平峰,False,44,0.587,3
5路,南城区,75,2024-01-03,Wednesday,15,平峰,False,27,0.36,3
5路,南城区,75,2024-01-03,Wednesday,16,平峰,False,63,0.84,3
5路,南城区,75,2024-01-03,Wednesday,17,晚高峰,True,95,1.267,7
5路,南城区,75,2024-01-03,Wednesday,18,晚高峰,True,77,1.027,9
5路,南城区,75,2024-01-03,Wednesday,19,晚高峰,True,95,1.267,8
5路,南城区,75,2024-01-03,Wednesday,20,平峰,False,42,0.56,5
5路,南城区,75,2024-01-03,Wednesday,21,平峰,False,11,0.147,2
5路,南城区,75,2024-01-03,Wednesday,22,平峰,False,17,0.227,4
5路,南城区,75,2024-01-04,Thursday,6,平峰,False,28,0.373,2
5路,南城区,75,2024-01-04,Thursday,7,早高峰,True,95,1.267,6
5路,南城区,75,2024-01-04,Thursday,8,早高峰,True,95,1.267,8
5路,南城区,75,2024-01-04,Thursday,9,早高峰,True,58,0.773,8
5路,南城区,75,2024-01-04,Thursday,10,平峰,False,50,0.667,3
5路,南城区,75,2024-01-04,Thursday,11,平峰,False,28,0.373,2
5路,南城区,75,2024-01-04,Thursday,12,平峰,False,23,0.307,5
5路,南城区,75,2024-01-04,Thursday,13,平峰,False,50,0.667,3
5路,南城区,75,2024-01-04,Thursday,14,平峰,False,26,0.347,4
5路,南城区,75,2024-01-04,Thursday,15,平峰,False,5,0.067,2
5路,南城区,75,2024-01-04,Thursday,16,平峰,False,22,0.293,2
5路,南城区,75,2024-01-04,Thursday,17,晚高峰,True,95,1.267,9
5路,南城区,75,2024-01-04,Thursday,18,晚高峰,True,95,1.267,11
5路,南城区,75,2024-01-04,Thursday,19,晚高峰,True,80,1.067,7
5路,南城区,75,2024-01-04,Thursday,20,平峰,False,30,0.4,4
5路,南城区,75,2024-01-04,Thursday,21,平峰,False,9,0.12,4
5路,南城区,75,2024-01-04,Thursday,22,平峰,False,16,0.213,4
5路,南城区,75,2024-01-05,Friday,6,平峰,False,25,0.333,3
5路,南城区,75,2024-01-05,Friday,7,早高峰,True,95,1.267,8
5路,南城区,75,2024-01-05,Friday,8,早高峰,True,57,0.76,6
5路,南城区,75,2024-01-05,Friday,9,早高峰,True,95,1.267,8
5路,南城区,75,2024-01-05,Friday,10,平峰,False,16,0.213,4
5路,南城区,75,2024-01-05,Friday,11,平峰,False,67,0.893,2
5路,南城区,75,2024-01-05,Friday,12,平峰,False,50,0.667,3
5路,南城区,75,2024-01-05,Friday,13,平峰,False,77,1.027,3
5路,南城区,75,2024-01-05,Friday,14,平峰,False,16,0.213,3
5路,南城区,75,2024-01-05,Friday,15,平峰,False,23,0.307,3
5路,南城区,75,2024-01-05,Friday,16,平峰,False,5,0.067,2
5路,南城区,75,2024-01-05,Friday,17,晚高峰,True,62,0.827,9
5路,南城区,75,2024-01-05,Friday,18,晚高峰,True,73,0.973,10
5路,南城区,75,2024-01-05,Friday,19,晚高峰,True,21,0.28,5
5路,南城区,75,2024-01-05,Friday,20,平峰,False,35,0.467,3
5路,南城区,75,2024-01-05,Friday,21,平峰,False,14,0.187,2
5路,南城区,75,2024-01-05,Friday,22,平峰,False,21,0.28,4
5路,南城区,75,2024-01-06,Saturday,6,平峰,False,12,0.16,5
5路,南城区,75,2024-01-06,Saturday,7,早高峰,True,95,1.267,7
5路,南城区,75,2024-01-06,Saturday,8,早高峰,True,11,0.147,8
5路,南城区,75,2024-01-06,Saturday,9,早高峰,True,35,0.467,7
5路,南城区,75,2024-01-06,Saturday,10,平峰,False,11,0.147,2
5路,南城区,75,2024-01-06,Saturday,11,平峰,False,51,0.68,3
5路,南城区,75,2024-01-06,Saturday,12,平峰,False,52,0.693,5
5路,南城区,75,2024-01-06,Saturday,13,平峰,False,32,0.427,2
5路,南城区,75,2024-01-06,Saturday,14,平峰,False,42,0.56,2
5路,南城区,75,2024-01-06,Saturday,15,平峰,False,42,0.56,3
5路,南城区,75,2024-01-06,Saturday,16,平峰,False,30,0.4,2
5路,南城区,75,2024-01-06,Saturday,17,晚高峰,True,80,1.067,8
5路,南城区,75,2024-01-06,Saturday,18,晚高峰,True,69,0.92,7
5路,南城区,75,2024-01-06,Saturday,19,晚高峰,True,82,1.093,8
5路,南城区,75,2024-01-06,Saturday,20,平峰,False,32,0.427,3
5路,南城区,75,2024-01-06,Saturday,21,平峰,False,20,0.267,4
5路,南城区,75,2024-01-06,Saturday,22,平峰,False,17,0.227,3
5路,南城区,75,2024-01-07,Sunday,6,平峰,False,21,0.28,2
5路,南城区,75,2024-01-07,Sunday,7,早高峰,True,84,1.12,6
5路,南城区,75,2024-01-07,Sunday,8,早高峰,True,95,1.267,11
5路,南城区,75,2024-01-07,Sunday,9,早高峰,True,95,1.267,9
5路,南城区,75,2024-01-07,Sunday,10,平峰,False,31,0.413,5
5路,南城区,75,2024-01-07,Sunday,11,平峰,False,36,0.48,5
5路,南城区,75,2024-01-07,Sunday,12,平峰,False,42,0.56,4
5路,南城区,75,2024-01-07,Sunday,13,平峰,False,36,0.48,4
5路,南城区,75,2024-01-07,Sunday,14,平峰,False,14,0.187,4
5路,南城区,75,2024-01-07,Sunday,15,平峰,False,36,0.48,5
5路,南城区,75,2024-01-07,Sunday,16,平峰,False,42,0.56,2
5路,南城区,75,2024-01-07,Sunday,17,晚高峰,True,89,1.187,6
5路,南城区,75,2024-01-07,Sunday,18,晚高峰,True,49,0.653,9
5路,南城区,75,2024-01-07,Sunday,19,晚高峰,True,44,0.587,6
5路,南城区,75,2024-01-07,Sunday,20,平峰,False,23,0.307,5
5路,南城区,75,2024-01-07,Sunday,21,平峰,False,17,0.227,4
5路,南城区,75,2024-01-07,Sunday,22,平峰,False,23,0.307,4
6路,北城区,55,2024-01-01,Monday,6,平峰,False,41,0.745,2
6路,北城区,55,2024-01-01,Monday,7,早高峰,True,75,1.364,9
6路,北城区,55,2024-01-01,Monday,8,早高峰,True,42,0.764,8
6路,北城区,55,2024-01-01,Monday,9,早高峰,True,47,0.855,7
6路,北城区,55,2024-01-01,Monday,10,平峰,False,32,0.582,3
6路,北城区,55,2024-01-01,Monday,11,平峰,False,40,0.727,3
6路,北城区,55,2024-01-01,Monday,12,平峰,False,16,0.291,2
6路,北城区,55,2024-01-01,Monday,13,平峰,False,33,0.6,4
6路,北城区,55,2024-01-01,Monday,14,平峰,False,46,0.836,2
6路,北城区,55,2024-01-01,Monday,15,平峰,False,37,0.673,2
6路,北城区,55,2024-01-01,Monday,16,平峰,False,17,0.309,4
6路,北城区,55,2024-01-01,Monday,17,晚高峰,True,75,1.364,6
6路,北城区,55,2024-01-01,Monday,18,晚高峰,True,75,1.364,10
6路,北城区,55,2024-01-01,Monday,19,晚高峰,True,48,0.873,8
6路,北城区,55,2024-01-01,Monday,20,平峰,False,13,0.236,2
6路,北城区,55,2024-01-01,Monday,21,平峰,False,28,0.509,2
6路,北城区,55,2024-01-01,Monday,22,平峰,False,22,0.4,3
6路,北城区,55,2024-01-02,Tuesday,6,平峰,False,9,0.164,2
6路,北城区,55,2024-01-02,Tuesday,7,早高峰,True,75,1.364,4
6路,北城区,55,2024-01-02,Tuesday,8,早高峰,True,75,1.364,9
6路,北城区,55,2024-01-02,Tuesday,9,早高峰,True,64,1.164,11
6路,北城区,55,2024-01-02,Tuesday,10,平峰,False,26,0.473,5
6路,北城区,55,2024-01-02,Tuesday,11,平峰,False,57,1.036,4
6路,北城区,55,2024-01-02,Tuesday,12,平峰,False,72,1.309,2
6路,北城区,55,2024-01-02,Tuesday,13,平峰,False,60,1.091,2
6路,北城区,55,2024-01-02,Tuesday,14,平峰,False,49,0.891,5
6路,北城区,55,2024-01-02,Tuesday,15,平峰,False,32,0.582,5
6路,北城区,55,2024-01-02,Tuesday,16,平峰,False,26,0.473,2
6路,北城区,55,2024-01-02,Tuesday,17,晚高峰,True,69,1.255,4
6路,北城区,55,2024-01-02,Tuesday,18,晚高峰,True,13,0.236,7
6路,北城区,55,2024-01-02,Tuesday,19,晚高峰,True,75,1.364,6
6路,北城区,55,2024-01-02,Tuesday,20,平峰,False,33,0.6,4
6路,北城区,55,2024-01-02,Tuesday,21,平峰,False,39,0.709,2
6路,北城区,55,2024-01-02,Tuesday,22,平峰,False,27,0.491,5
6路,北城区,55,2024-01-03,Wednesday,6,平峰,False,32,0.582,4
6路,北城区,55,2024-01-03,Wednesday,7,早高峰,True,47,0.855,9
6路,北城区,55,2024-01-03,Wednesday,8,早高峰,True,26,0.473,10
6路,北城区,55,2024-01-03,Wednesday,9,早高峰,True,35,0.636,4
6路,北城区,55,2024-01-03,Wednesday,10,平峰,False,23,0.418,4
6路,北城区,55,2024-01-03,Wednesday,11,平峰,False,59,1.073,2
6路,北城区,55,2024-01-03,Wednesday,12,平峰,False,52,0.945,5
6路,北城区,55,2024-01-03,Wednesday,13,平峰,False,50,0.909,4
6路,北城区,55,2024-01-03,Wednesday,14,平峰,False,26,0.473,5
6路,北城区,55,2024-01-03,Wednesday,15,平峰,False,15,0.273,2
6路,北城区,55,2024-01-03,Wednesday,16,平峰,False,26,0.473,2
6路,北城区,55,2024-01-03,Wednesday,17,晚高峰,True,41,0.745,7
6路,北城区,55,2024-01-03,Wednesday,18,晚高峰,True,75,1.364,4
6路,北城区,55,2024-01-03,Wednesday,19,晚高峰,True,75,1.364,7
6路,北城区,55,2024-01-03,Wednesday,20,平峰,False,61,1.109,4
6路,北城区,55,2024-01-03,Wednesday,21,平峰,False,16,0.291,5
6路,北城区,55,2024-01-03,Wednesday,22,平峰,False,19,0.345,3
6路,北城区,55,2024-01-04,Thursday,6,平峰,False,6,0.109,4
6路,北城区,55,2024-01-04,Thursday,7,早高峰,True,66,1.2,5
6路,北城区,55,2024-01-04,Thursday,8,早高峰,True,75,1.364,7
6路,北城区,55,2024-01-04,Thursday,9,早高峰,True,60,1.091,9
6路,北城区,55,2024-01-04,Thursday,10,平峰,False,5,0.091,5
6路,北城区,55,2024-01-04,Thursday,11,平峰,False,60,1.091,2
6路,北城区,55,2024-01-04,Thursday,12,平峰,False,47,0.855,5
6路,北城区,55,2024-01-04,Thursday,13,平峰,False,34,0.618,4
6路,北城区,55,2024-01-04,Thursday,14,平峰,False,16,0.291,5
6路,北城区,55,2024-01-04,Thursday,15,平峰,False,30,0.545,5
6路,北城区,55,2024-01-04,Thursday,16,平峰,False,40,0.727,2
6路,北城区,55,2024-01-04,Thursday,17,晚高峰,True,75,1.364,11
6路,北城区,55,2024-01-04,Thursday,18,晚高峰,True,67,1.218,6
6路,北城区,55,2024-01-04,Thursday,19,晚高峰,True,71,1.291,9
6路,北城区,55,2024-01-04,Thursday,20,平峰,False,41,0.745,2
6路,北城区,55,2024-01-04,Thursday,21,平峰,False,30,0.545,5
6路,北城区,55,2024-01-04,Thursday,22,平峰,False,21,0.382,2
6路,北城区,55,2024-01-05,Friday,6,平峰,False,20,0.364,5
6路,北城区,55,2024-01-05,Friday,7,早高峰,True,75,1.364,9
6路,北城区,55,2024-01-05,Friday,8,早高峰,True,75,1.364,6
6路,北城区,55,2024-01-05,Friday,9,早高峰,True,49,0.891,6
6路,北城区,55,2024-01-05,Friday,10,平峰,False,36,0.655,5
6路,北城区,55,2024-01-05,Friday,11,平峰,False,54,0.982,2
6路,北城区,55,2024-01-05,Friday,12,平峰,False,41,0.745,2
6路,北城区,55,2024-01-05,Friday,13,平峰,False,59,1.073,4
6路,北城区,55,2024-01-05,Friday,14,平峰,False,12,0.218,2
6路,北城区,55,2024-01-05,Friday,15,平峰,False,54,0.982,4
6路,北城区,55,2024-01-05,Friday,16,平峰,False,45,0.818,3
6路,北城区,55,2024-01-05,Friday,17,晚高峰,True,75,1.364,5
6路,北城区,55,2024-01-05,Friday,18,晚高峰,True,75,1.364,4
6路,北城区,55,2024-01-05,Friday,19,晚高峰,True,48,0.873,10
6路,北城区,55,2024-01-05,Friday,20,平峰,False,30,0.545,4
6路,北城区,55,2024-01-05,Friday,21,平峰,False,17,0.309,5
6路,北城区,55,2024-01-05,Friday,22,平峰,False,21,0.382,4
6路,北城区,55,2024-01-06,Saturday,6,平峰,False,8,0.145,5
6路,北城区,55,2024-01-06,Saturday,7,早高峰,True,75,1.364,8
6路,北城区,55,2024-01-06,Saturday,8,早高峰,True,75,1.364,11
6路,北城区,55,2024-01-06,Saturday,9,早高峰,True,60,1.091,5
6路,北城区,55,2024-01-06,Saturday,10,平峰,False,7,0.127,5
6路,北城区,55,2024-01-06,Saturday,11,平峰,False,45,0.818,5
6路,北城区,55,2024-01-06,Saturday,12,平峰,False,50,0.909,2
6路,北城区,55,2024-01-06,Saturday,13,平峰,False,52,0.945,2
6路,北城区,55,2024-01-06,Saturday,14,平峰,False,23,0.418,2
6路,北城区,55,2024-01-06,Saturday,15,平峰,False,27,0.491,4
6路,北城区,55,2024-01-06,Saturday,16,平峰,False,5,0.091,3
6路,北城区,55,2024-01-06,Saturday,17,晚高峰,True,75,1.364,5
6路,北城区,55,2024-01-06,Saturday,18,晚高峰,True,75,1.364,11
6路,北城区,55,2024-01-06,Saturday,19,晚高峰,True,65,1.182,6
6路,北城区,55,2024-01-06,Saturday,20,平峰,False,29,0.527,4
6路,北城区,55,2024-01-06,Saturday,21,平峰,False,26,0.473,2
6路,北城区,55,2024-01-06,Saturday,22,平峰,False,13,0.236,3
6路,北城区,55,2024-01-07,Sunday,6,平峰,False,26,0.473,3
6路,北城区,55,2024-01-07,Sunday,7,早高峰,True,75,1.364,6
6路,北城区,55,2024-01-07,Sunday,8,早高峰,True,75,1.364,5
6路,北城区,55,2024-01-07,Sunday,9,早高峰,True,75,1.364,8
6路,北城区,55,2024-01-07,Sunday,10,平峰,False,5,0.091,5
6路,北城区,55,2024-01-07,Sunday,11,平峰,False,56,1.018,4
6路,北城区,55,2024-01-07,Sunday,12,平峰,False,53,0.964,2
6路,北城区,55,2024-01-07,Sunday,13,平峰,False,69,1.255,5
6路,北城区,55,2024-01-07,Sunday,14,平峰,False,27,0.491,2
6路,北城区,55,2024-01-07,Sunday,15,平峰,False,21,0.382,4
6路,北城区,55,2024-01-07,Sunday,16,平峰,False,22,0.4,4
6路,北城区,55,2024-01-07,Sunday,17,晚高峰,True,5,0.091,5
6路,北城区,55,2024-01-07,Sunday,18,晚高峰,True,75,1.364,10
6路,北城区,55,2024-01-07,Sunday,19,晚高峰,True,75,1.364,10
6路,北城区,55,2024-01-07,Sunday,20,平峰,False,33,0.6,3
6路,北城区,55,2024-01-07,Sunday,21,平峰,False,21,0.382,2
6路,北城区,55,2024-01-07,Sunday,22,平峰,False,17,0.309,4
7路,市中心区,90,2024-01-01,Monday,6,平峰,False,25,0.278,5
7路,市中心区,90,2024-01-01,Monday,7,早高峰,True,110,1.222,6
7路,市中心区,90,2024-01-01,Monday,8,早高峰,True,96,1.067,5
7路,市中心区,90,2024-01-01,Monday,9,早高峰,True,92,1.022,8
7路,市中心区,90,2024-01-01,Monday,10,平峰,False,13,0.144,3
7路,市中心区,90,2024-01-01,Monday,11,平峰,False,65,0.722,4
7路,市中心区,90,2024-01-01,Monday,12,平峰,False,64,0.711,5
7路,市中心区,90,2024-01-01,Monday,13,平峰,False,76,0.844,3
7路,市中心区,90,2024-01-01,Monday,14,平峰,False,37,0.411,5
7路,市中心区,90,2024-01-01,Monday,15,平峰,False,27,0.3,5
7路,市中心区,90,2024-01-01,Monday,16,平峰,False,44,0.489,3
7路,市中心区,90,2024-01-01,Monday,17,晚高峰,True,34,0.378,10
7路,市中心区,90,2024-01-01,Monday,18,晚高峰,True,32,0.356,11
7路,市中心区,90,2024-01-01,Monday,19,晚高峰,True,110,1.222,7
7路,市中心区,90,2024-01-01,Monday,20,平峰,False,51,0.567,2
7路,市中心区,90,2024-01-01,Monday,21,平峰,False,11,0.122,5
7路,市中心区,90,2024-01-01,Monday,22,平峰,False,16,0.178,4
7路,市中心区,90,2024-01-02,Tuesday,6,平峰,False,56,0.622,4
7路,市中心区,90,2024-01-02,Tuesday,7,早高峰,True,110,1.222,4
7路,市中心区,90,2024-01-02,Tuesday,8,早高峰,True,110,1.222,4
7路,市中心区,90,2024-01-02,Tuesday,9,早高峰,True,110,1.222,6
7路,市中心区,90,2024-01-02,Tuesday,10,平峰,False,50,0.556,5
7路,市中心区,90,2024-01-02,Tuesday,11,平峰,False,88,0.978,2
7路,市中心区,90,2024-01-02,Tuesday,12,平峰,False,67,0.744,2
7路,市中心区,90,2024-01-02,Tuesday,13,平峰,False,73,0.811,2
7路,市中心区,90,2024-01-02,Tuesday,14,平峰,False,52,0.578,2
7路,市中心区,90,2024-01-02,Tuesday,15,平峰,False,28,0.311,3
7路,市中心区,90,2024-01-02,Tuesday,16,平峰,False,56,0.622,5
7路,市中心区,90,2024-01-02,Tuesday,17,晚高峰,True,110,1.222,9
7路,市中心区,90,2024-01-02,Tuesday,18,晚高峰,True,64,0.711,6
7路,市中心区,90,2024-01-02,Tuesday,19,晚高峰,True,89,0.989,6
7路,市中心区,90,2024-01-02,Tuesday,20,平峰,False,36,0.4,4
7路,市中心区,90,2024-01-02,Tuesday,21,平峰,False,32,0.356,3
7路,市中心区,90,2024-01-02,Tuesday,22,平峰,False,24,0.267,5
7路,市中心区,90,2024-01-03,Wednesday,6,平峰,False,16,0.178,4
7路,市中心区,90,2024-01-03,Wednesday,7,早高峰,True,92,1.022,9
7路,市中心区,90,2024-01-03,Wednesday,8,早高峰,True,110,1.222,5
7路,市中心区,90,2024-01-03,Wednesday,9,早高峰,True,110,1.222,5
7路,市中心区,90,2024-01-03,Wednesday,10,平峰,False,40,0.444,5
7路,市中心区,90,2024-01-03,Wednesday,11,平峰,False,56,0.622,4
7路,市中心区,90,2024-01-03,Wednesday,12,平峰,False,48,0.533,3
7路,市中心区,90,2024-01-03,Wednesday,13,平峰,False,84,0.933,5
7路,市中心区,90,2024-01-03,Wednesday,14,平峰,False,54,0.6,3
7路,市中心区,90,2024-01-03,Wednesday,15,平峰,False,42,0.467,4
7路,市中心区,90,2024-01-03,Wednesday,16,平峰,False,41,0.456,2
7路,市中心区,90,2024-01-03,Wednesday,17,晚高峰,True,85,0.944,8
7路,市中心区,90,2024-01-03,Wednesday,18,晚高峰,True,92,1.022,6
7路,市中心区,90,2024-01-03,Wednesday,19,晚高峰,True,110,1.222,10
7路,市中心区,90,2024-01-03,Wednesday,20,平峰,False,13,0.144,2
7路,市中心区,90,2024-01-03,Wednesday,21,平峰,False,9,0.1,2
7路,市中心区,90,2024-01-03,Wednesday,22,平峰,False,17,0.189,5
7路,市中心区,90,2024-01-04,Thursday,6,平峰,False,29,0.322,3
7路,市中心区,90,2024-01-04,Thursday,7,早高峰,True,110,1.222,8
7路,市中心区,90,2024-01-04,Thursday,8,早高峰,True,110,1.222,7
7路,市中心区,90,2024-01-04,Thursday,9,早高峰,True,99,1.1,10
7路,市中心区,90,2024-01-04,Thursday,10,平峰,False,64,0.711,4
7路,市中心区,90,2024-01-04,Thursday,11,平峰,False,27,0.3,2
7路,市中心区,90,2024-01-04,Thursday,12,平峰,False,39,0.433,3
7路,市中心区,90,2024-01-04,Thursday,13,平峰,False,10,0.111,5
7路,市中心区,90,2024-01-04,Thursday,14,平峰,False,46,0.511,5
7路,市中心区,90,2024-01-04,Thursday,15,平峰,False,21,0.233,4
7路,市中心区,90,2024-01-04,Thursday,16,平峰,False,49,0.544,2
7路,市中心区,90,2024-01-04,Thursday,17,晚高峰,True,107,1.189,5
7路,市中心区,90,2024-01-04,Thursday,18,晚高峰,True,78,0.867,7
7路,市中心区,90,2024-01-04,Thursday,19,晚高峰,True,110,1.222,8
7路,市中心区,90,2024-01-04,Thursday,20,平峰,False,67,0.744,3
7路,市中心区,90,2024-01-04,Thursday,21,平峰,False,35,0.389,3
7路,市中心区,90,2024-01-04,Thursday,22,平峰,False,22,0.244,5
7路,市中心区,90,2024-01-05,Friday,6,平峰,False,30,0.333,4
7路,市中心区,90,2024-01-05,Friday,7,早高峰,True,110,1.222,5
7路,市中心区,90,2024-01-05,Friday,8,早高峰,True,110,1.222,5
7路,市中心区,90,2024-01-05,Friday,9,早高峰,True,32,0.356,10
7路,市中心区,90,2024-01-05,Friday,10,平峰,False,68,0.756,3
7路,市中心区,90,2024-01-05,Friday,11,平峰,False,84,0.933,2
7路,市中心区,90,2024-01-05,Friday,12,平峰,False,96,1.067,2
7路,市中心区,90,2024-01-05,Friday,13,平峰,False,60,0.667,2
7路,市中心区,90,2024-01-05,Friday,14,平峰,False,29,0.322,3
7路,市中心区,90,2024-01-05,Friday,15,平峰,False,35,0.389,2
7路,市中心区,90,2024-01-05,Friday,16,平峰,False,70,0.778,4
7路,市中心区,90,2024-01-05,Friday,17,晚高峰,True,110,1.222,5
7路,市中心区,90,2024-01-05,Friday,18,晚高峰,True,110,1.222,5
7路,市中心区,90,2024-01-05,Friday,19,晚高峰,True,110,1.222,5
7路,市中心区,90,2024-01-05,Friday,20,平峰,False,20,0.222,4
7路,市中心区,90,2024-01-05,Friday,21,平峰,False,46,0.511,5
7路,市中心区,90,2024-01-05,Friday,22,平峰,False,24,0.267,3
7路,市中心区,90,2024-01-06,Saturday,6,平峰,False,32,0.356,4
7路,市中心区,90,2024-01-06,Saturday,7,早高峰,True,78,0.867,6
7路,市中心区,90,2024-01-06,Saturday,8,早高峰,True,91,1.011,10
7路,市中心区,90,2024-01-06,Saturday,9,早高峰,True,110,1.222,5
7路,市中心区,90,2024-01-06,Saturday,10,平峰,False,32,0.356,2
7路,市中心区,90,2024-01-06,Saturday,11,平峰,False,29,0.322,4
7路,市中心区,90,2024-01-06,Saturday,12,平峰,False,78,0.867,5
7路,市中心区,90,2024-01-06,Saturday,13,平峰,False,51,0.567,3
7路,市中心区,90,2024-01-06,Saturday,14,平峰,False,38,0.422,3
7路,市中心区,90,2024-01-06,Saturday,15,平峰,False,38,0.422,4
7路,市中心区,90,2024-01-06,Saturday,16,平峰,False,49,0.544,5
7路,市中心区,90,2024-01-06,Saturday,17,晚高峰,True,110,1.222,6
7路,市中心区,90,2024-01-06,Saturday,18,晚高峰,True,110,1.222,11
7路,市中心区,90,2024-01-06,Saturday,19,晚高峰,True,87,0.967,5
7路,市中心区,90,2024-01-06,Saturday,20,平峰,False,52,0.578,3
7路,市中心区,90,2024-01-06,Saturday,21,平峰,False,40,0.444,2
7路,市中心区,90,2024-01-06,Saturday,22,平峰,False,13,0.144,4
7路,市中心区,90,2024-01-07,Sunday,6,平峰,False,13,0.144,5
7路,市中心区,90,2024-01-07,Sunday,7,早高峰,True,110,1.222,10
7路,市中心区,90,2024-01-07,Sunday,8,早高峰,True,110,1.222,7
7路,市中心区,90,2024-01-07,Sunday,9,早高峰,True,90,1.0,8
7路,市中心区,90,2024-01-07,Sunday,10,平峰,False,50,0.556,2
7路,市中心区,90,2024-01-07,Sunday,11,平峰,False,98,1.089,4
7路,市中心区,90,2024-01-07,Sunday,12,平峰,False,95,1.056,3
7路,市中心区,90,2024-01-07,Sunday,13,平峰,False,100,1.111,4
7路,市中心区,90,2024-01-07,Sunday,14,平峰,False,45,0.5,3
7路,市中心区,90,2024-01-07,Sunday,15,平峰,False,35,0.389,2
7路,市中心区,90,2024-01-07,Sunday,16,平峰,False,42,0.467,5
7路,市中心区,90,2024-01-07,Sunday,17,晚高峰,True,110,1.222,5
7路,市中心区,90,2024-01-07,Sunday,18,晚高峰,True,110,1.222,11
7路,市中心区,90,2024-01-07,Sunday,19,晚高峰,True,110,1.222,6
7路,市中心区,90,2024-01-07,Sunday,20,平峰,False,32,0.356,4
7路,市中心区,90,2024-01-07,Sunday,21,平峰,False,33,0.367,4
7路,市中心区,90,2024-01-07,Sunday,22,平峰,False,28,0.311,2
8路,东城区,50,2024-01-01,Monday,6,平峰,False,31,0.62,4
8路,东城区,50,2024-01-01,Monday,7,早高峰,True,70,1.4,10
8路,东城区,50,2024-01-01,Monday,8,早高峰,True,70,1.4,6
8路,东城区,50,2024-01-01,Monday,9,早高峰,True,70,1.4,6
8路,东城区,50,2024-01-01,Monday,10,平峰,False,23,0.46,4
8路,东城区,50,2024-01-01,Monday,11,平峰,False,53,1.06,4
8路,东城区,50,2024-01-01,Monday,12,平峰,False,48,0.96,3
8路,东城区,50,2024-01-01,Monday,13,平峰,False,61,1.22,4
8路,东城区,50,2024-01-01,Monday,14,平峰,False,37,0.74,2
8路,东城区,50,2024-01-01,Monday,15,平峰,False,59,1.18,2
8路,东城区,50,2024-01-01,Monday,16,平峰,False,36,0.72,3
8路,东城区,50,2024-01-01,Monday,17,晚高峰,True,70,1.4,7
8路,东城区,50,2024-01-01,Monday,18,晚高峰,True,47,0.94,5
8路,东城区,50,2024-01-01,Monday,19,晚高峰,True,65,1.3,4
8路,东城区,50,2024-01-01,Monday,20,平峰,False,23,0.46,4
8路,东城区,50,2024-01-01,Monday,21,平峰,False,14,0.28,4
8路,东城区,50,2024-01-01,Monday,22,平峰,False,11,0.22,2
8路,东城区,50,2024-01-02,Tuesday,6,平峰,False,8,0.16,2
8路,东城区,50,2024-01-02,Tuesday,7,早高峰,True,70,1.4,6
8路,东城区,50,2024-01-02,Tuesday,8,早高峰,True,65,1.3,7
8路,东城区,50,2024-01-02,Tuesday,9,早高峰,True,70,1.4,8
8路,东城区,50,2024-01-02,Tuesday,10,平峰,False,36,0.72,2
8路,东城区,50,2024-01-02,Tuesday,11,平峰,False,41,0.82,2
8路,东城区,50,2024-01-02,Tuesday,12,平峰,False,15,0.3,4
8路,东城区,50,2024-01-02,Tuesday,13,平峰,False,24,0.48,3
8路,东城区,50,2024-01-02,Tuesday,14,平峰,False,55,1.1,3
8路,东城区,50,2024-01-02,Tuesday,15,平峰,False,45,0.9,4
8路,东城区,50,2024-01-02,Tuesday,16,平峰,False,33,0.66,4
8路,东城区,50,2024-01-02,Tuesday,17,晚高峰,True,64,1.28,10
8路,东城区,50,2024-01-02,Tuesday,18,晚高峰,True,54,1.08,10
8路,东城区,50,2024-01-02,Tuesday,19,晚高峰,True,5,0.1,8
8路,东城区,50,2024-01-02,Tuesday,20,平峰,False,47,0.94,3
8路,东城区,50,2024-01-02,Tuesday,21,平峰,False,5,0.1,3
8路,东城区,50,2024-01-02,Tuesday,22,平峰,False,5,0.1,5
8路,东城区,50,2024-01-03,Wednesday,6,平峰,False,12,0.24,4
8路,东城区,50,2024-01-03,Wednesday,7,早高峰,True,69,1.38,10
8路,东城区,50,2024-01-03,Wednesday,8,早高峰,True,70,1.4,4
8路,东城区,50,2024-01-03,Wednesday,9,早高峰,True,24,0.48,5
8路,东城区,50,2024-01-03,Wednesday,10,平峰,False,40,0.8,2
8路,东城区,50,2024-01-03,Wednesday,11,平峰,False,5,0.1,3
8路,东城区,50,2024-01-03,Wednesday,12,平峰,False,59,1.18,4
8路,东城区,50,2024-01-03,Wednesday,13,平峰,False,39,0.78,2
8路,东城区,50,2024-01-03,Wednesday,14,平峰,False,46,0.92,3
8路,东城区,50,2024-01-03,Wednesday,15,平峰,False,5,0.1,2
8路,东城区,50,2024-01-03,Wednesday,16,平峰,False,42,0.84,4
8路,东城区,50,2024-01-03,Wednesday,17,晚高峰,True,70,1.4,11
8路,东城区,50,2024-01-03,Wednesday,18,晚高峰,True,70,1.4,4
8路,东城区,50,2024-01-03,Wednesday,19,晚高峰,True,70,1.4,11
8路,东城区,50,2024-01-03,Wednesday,20,平峰,False,24,0.48,3
8路,东城区,50,2024-01-03,Wednesday,21,平峰,False,26,0.52,3
8路,东城区,50,2024-01-03,Wednesday,22,平峰,False,5,0.1,3
8路,东城区,50,2024-01-04,Thursday,6,平峰,False,25,0.5,5
8路,东城区,50,2024-01-04,Thursday,7,早高峰,True,47,0.94,10
8路,东城区,50,2024-01-04,Thursday,8,早高峰,True,70,1.4,5
8路,东城区,50,2024-01-04,Thursday,9,早高峰,True,70,1.4,8
8路,东城区,50,2024-01-04,Thursday,10,平峰,False,16,0.32,4
8路,东城区,50,2024-01-04,Thursday,11,平峰,False,42,0.84,4
8路,东城区,50,2024-01-04,Thursday,12,平峰,False,16,0.32,3
8路,东城区,50,2024-01-04,Thursday,13,平峰,False,47,0.94,3
8路,东城区,50,2024-01-04,Thursday,14,平峰,False,44,0.88,5
8路,东城区,50,2024-01-04,Thursday,15,平峰,False,24,0.48,5
8路,东城区,50,2024-01-04,Thursday,16,平峰,False,23,0.46,5
8路,东城区,50,2024-01-04,Thursday,17,晚高峰,True,70,1.4,9
8路,东城区,50,2024-01-04,Thursday,18,晚高峰,True,70,1.4,8
8路,东城区,50,2024-01-04,Thursday,19,晚高峰,True,70,1.4,7
8路,东城区,50,2024-01-04,Thursday,20,平峰,False,30,0.6,2
8路,东城区,50,2024-01-04,Thursday,21,平峰,False,10,0.2,2
8路,东城区,50,2024-01-04,Thursday,22,平峰,False,25,0.5,3
8路,东城区,50,2024-01-05,Friday,6,平峰,False,21,0.42,4
8路,东城区,50,2024-01-05,Friday,7,早高峰,True,51,1.02,11
8路,东城区,50,2024-01-05,Friday,8,早高峰,True,70,1.4,5
8路,东城区,50,2024-01-05,Friday,9,早高峰,True,41,0.82,5
8路,东城区,50,2024-01-05,Friday,10,平峰,False,19,0.38,4
8路,东城区,50,2024-01-05,Friday,11,平峰,False,60,1.2,3
8路,东城区,50,2024-01-05,Friday,12,平峰,False,70,1.4,2
8路,东城区,50,2024-01-05,Friday,13,平峰,False,17,0.34,3
8路,东城区,50,2024-01-05,Friday,14,平峰,False,28,0.56,4
8路,东城区,50,2024-01-05,Friday,15,平峰,False,28,0.56,4
8路,东城区,50,2024-01-05,Friday,16,平峰,False,38,0.76,4
8路,东城区,50,2024-01-05,Friday,17,晚高峰,True,60,1.2,4
8路,东城区,50,2024-01-05,Friday,18,晚高峰,True,28,0.56,11
8路,东城区,50,2024-01-05,Friday,19,晚高峰,True,61,1.22,5
8路,东城区,50,2024-01-05,Friday,20,平峰,False,37,0.74,3
8路,东城区,50,2024-01-05,Friday,21,平峰,False,24,0.48,5
8路,东城区,50,2024-01-05,Friday,22,平峰,False,17,0.34,2
8路,东城区,50,2024-01-06,Saturday,6,平峰,False,12,0.24,5
8路,东城区,50,2024-01-06,Saturday,7,早高峰,True,70,1.4,6
8路,东城区,50,2024-01-06,Saturday,8,早高峰,True,47,0.94,6
8路,东城区,50,2024-01-06,Saturday,9,早高峰,True,70,1.4,7
8路,东城区,50,2024-01-06,Saturday,10,平峰,False,23,0.46,3
8路,东城区,50,2024-01-06,Saturday,11,平峰,False,35,0.7,5
8路,东城区,50,2024-01-06,Saturday,12,平峰,False,70,1.4,2
8路,东城区,50,2024-01-06,Saturday,13,平峰,False,5,0.1,2
8路,东城区,50,2024-01-06,Saturday,14,平峰,False,38,0.76,3
8路,东城区,50,2024-01-06,Saturday,15,平峰,False,23,0.46,5
8路,东城区,50,2024-01-06,Saturday,16,平峰,False,38,0.76,3
8路,东城区,50,2024-01-06,Saturday,17,晚高峰,True,70,1.4,8
8路,东城区,50,2024-01-06,Saturday,18,晚高峰,True,70,1.4,4
8路,东城区,50,2024-01-06,Saturday,19,晚高峰,True,70,1.4,6
8路,东城区,50,2024-01-06,Saturday,20,平峰,False,31,0.62,4
8路,东城区,50,2024-01-06,Saturday,21,平峰,False,21,0.42,4
8路,东城区,50,2024-01-06,Saturday,22,平峰,False,32,0.64,4
8路,东城区,50,2024-01-07,Sunday,6,平峰,False,26,0.52,5
8路,东城区,50,2024-01-07,Sunday,7,早高峰,True,70,1.4,8
8路,东城区,50,2024-01-07,Sunday,8,早高峰,True,66,1.32,7
8路,东城区,50,2024-01-07,Sunday,9,早高峰,True,70,1.4,9
8路,东城区,50,2024-01-07,Sunday,10,平峰,False,39,0.78,2
8路,东城区,50,2024-01-07,Sunday,11,平峰,False,46,0.92,5
8路,东城区,50,2024-01-07,Sunday,12,平峰,False,39,0.78,2
8路,东城区,50,2024-01-07,Sunday,13,平峰,False,29,0.58,5
8路,东城区,50,2024-01-07,Sunday,14,平峰,False,29,0.58,4
8路,东城区,50,2024-01-07,Sunday,15,平峰,False,31,0.62,4
8路,东城区,50,2024-01-07,Sunday,16,平峰,False,31,0.62,4
8路,东城区,50,2024-01-07,Sunday,17,晚高峰,True,70,1.4,7
8路,东城区,50,2024-01-07,Sunday,18,晚高峰,True,70,1.4,4
8路,东城区,50,2024-01-07,Sunday,19,晚高峰,True,70,1.4,7
8路,东城区,50,2024-01-07,Sunday,20,平峰,False,6,0.12,5
8路,东城区,50,2024-01-07,Sunday,21,平峰,False,25,0.5,4
8路,东城区,50,2024-01-07,Sunday,22,平峰,False,27,0.54,3
9路,西城区,85,2024-01-01,Monday,6,平峰,False,7,0.082,3
9路,西城区,85,2024-01-01,Monday,7,早高峰,True,97,1.141,8
9路,西城区,85,2024-01-01,Monday,8,早高峰,True,45,0.529,9
9路,西城区,85,2024-01-01,Monday,9,早高峰,True,61,0.718,5
9路,西城区,85,2024-01-01,Monday,10,平峰,False,18,0.212,2
9路,西城区,85,2024-01-01,Monday,11,平峰,False,78,0.918,5
9路,西城区,85,2024-01-01,Monday,12,平峰,False,76,0.894,4
9路,西城区,85,2024-01-01,Monday,13,平峰,False,63,0.741,3
9路,西城区,85,2024-01-01,Monday,14,平峰,False,5,0.059,2
9路,西城区,85,2024-01-01,Monday,15,平峰,False,30,0.353,5
9路,西城区,85,2024-01-01,Monday,16,平峰,False,48,0.565,4
9路,西城区,85,2024-01-01,Monday,17,晚高峰,True,105,1.235,5
9路,西城区,85,2024-01-01,Monday,18,晚高峰,True,84,0.988,10
9路,西城区,85,2024-01-01,Monday,19,晚高峰,True,105,1.235,4
9路,西城区,85,2024-01-01,Monday,20,平峰,False,43,0.506,4
9路,西城区,85,2024-01-01,Monday,21,平峰,False,31,0.365,5
9路,西城区,85,2024-01-01,Monday,22,平峰,False,16,0.188,3
9路,西城区,85,2024-01-02,Tuesday,6,平峰,False,32,0.376,5
9路,西城区,85,2024-01-02,Tuesday,7,早高峰,True,105,1.235,9
9路,西城区,85,2024-01-02,Tuesday,8,早高峰,True,105,1.235,6
9路,西城区,85,2024-01-02,Tuesday,9,早高峰,True,105,1.235,8
9路,西城区,85,2024-01-02,Tuesday,10,平峰,False,75,0.882,3
9路,西城区,85,2024-01-02,Tuesday,11,平峰,False,42,0.494,4
9路,西城区,85,2024-01-02,Tuesday,12,平峰,False,56,0.659,2
9路,西城区,85,2024-01-02,Tuesday,13,平峰,False,49,0.576,2
9路,西城区,85,2024-01-02,Tuesday,14,平峰,False,27,0.318,5
9路,西城区,85,2024-01-02,Tuesday,15,平峰,False,21,0.247,2
9路,西城区,85,2024-01-02,Tuesday,16,平峰,False,69,0.812,2
9路,西城区,85,2024-01-02,Tuesday,17,晚高峰,True,105,1.235,4
9路,西城区,85,2024-01-02,Tuesday,18,晚高峰,True,50,0.588,11
9路,西城区,85,2024-01-02,Tuesday,19,晚高峰,True,56,0.659,6
9路,西城区,85,2024-01-02,Tuesday,20,平峰,False,56,0.659,4
9路,西城区,85,2024-01-02,Tuesday,21,平峰,False,5,0.059,4
9路,西城区,85,2024-01-02,Tuesday,22,平峰,False,28,0.329,3
9路,西城区,85,2024-01-03,Wednesday,6,平峰,False,9,0.106,5
9路,西城区,85,2024-01-03,Wednesday,7,早高峰,True,105,1.235,8
9路,西城区,85,2024-01-03,Wednesday,8,早高峰,True,48,0.565,4
9路,西城区,85,2024-01-03,Wednesday,9,早高峰,True,105,1.235,11
9路,西城区,85,2024-01-03,Wednesday,10,平峰,False,35,0.412,5
9路,西城区,85,2024-01-03,Wednesday,11,平峰,False,63,0.741,3
9路,西城区,85,2024-01-03,Wednesday,12,平峰,False,71,0.835,2
9路,西城区,85,2024-01-03,Wednesday,13,平峰,False,51,0.6,5
9路,西城区,85,2024-01-03,Wednesday,14,平峰,False,42,0.494,3
9路,西城区,85,2024-01-03,Wednesday,15,平峰,False,47,0.553,4
9路,西城区,85,2024-01-03,Wednesday,16,平峰,False,60,0.706,4
9路,西城区,85,2024-01-03,Wednesday,17,晚高峰,True,34,0.4,5
9路,西城区,85,2024-01-03,Wednesday,18,晚高峰,True,105,1.235,4
9路,西城区,85,2024-01-03,Wednesday,19,晚高峰,True,61,0.718,9
9路,西城区,85,2024-01-03,Wednesday,20,平峰,False,35,0.412,4
9路,西城区,85,2024-01-03,Wednesday,21,平峰,False,5,0.059,2
9路,西城区,85,2024-01-03,Wednesday,22,平峰,False,46,0.541,3
9路,西城区,85,2024-01-04,Thursday,6,平峰,False,13,0.153,5
9路,西城区,85,2024-01-04,Thursday,7,早高峰,True,72,0.847,10
9路,西城区,85,2024-01-04,Thursday,8,早高峰,True,52,0.612,10
9路,西城区,85,2024-01-04,Thursday,9,早高峰,True,102,1.2,9
9路,西城区,85,2024-01-04,Thursday,10,平峰,False,49,0.576,4
9路,西城区,85,2024-01-04,Thursday,11,平峰,False,39,0.459,3
9路,西城区,85,2024-01-04,Thursday,12,平峰,False,36,0.424,5
9路,西城区,85,2024-01-04,Thursday,13,平峰,False,66,0.776,4
9路,西城区,85,2024-01-04,Thursday,14,平峰,False,52,0.612,5
9路,西城区,85,2024-01-04,Thursday,15,平峰,False,5,0.059,4
9路,西城区,85,2024-01-04,Thursday,16,平峰,False,49,0.576,5
9路,西城区,85,2024-01-04,Thursday,17,晚高峰,True,105,1.235,4
9路,西城区,85,2024-01-04,Thursday,18,晚高峰,True,100,1.176,7
9路,西城区,85,2024-01-04,Thursday,19,晚高峰,True,105,1.235,10
9路,西城区,85,2024-01-04,Thursday,20,平峰,False,60,0.706,5
9路,西城区,85,2024-01-04,Thursday,21,平峰,False,19,0.224,5
9路,西城区,85,2024-01-04,Thursday,22,平峰,False,19,0.224,5
9路,西城区,85,2024-01-05,Friday,6,平峰,False,30,0.353,2
9路,西城区,85,2024-01-05,Friday,7,早高峰,True,105,1.235,8
9路,西城区,85,2024-01-05,Friday,8,早高峰,True,75,0.882,8
9路,西城区,85,2024-01-05,Friday,9,早高峰,True,105,1.235,11
9路,西城区,85,2024-01-05,Friday,10,平峰,False,38,0.447,5
9路,西城区,85,2024-01-05,Friday,11,平峰,False,62,0.729,5
9路,西城区,85,2024-01-05,Friday,12,平峰,False,62,0.729,3
9路,西城区,85,2024-01-05,Friday,13,平峰,False,45,0.529,4
9路,西城区,85,2024-01-05,Friday,14,平峰,False,38,0.447,4
9路,西城区,85,2024-01-05,Friday,15,平峰,False,26,0.306,3
9路,西城区,85,2024-01-05,Friday,16,平峰,False,49,0.576,2
9路,西城区,85,2024-01-05,Friday,17,晚高峰,True,75,0.882,9
9路,西城区,85,2024-01-05,Friday,18,晚高峰,True,26,0.306,9
9路,西城区,85,2024-01-05,Friday,19,晚高峰,True,83,0.976,8
9路,西城区,85,2024-01-05,Friday,20,平峰,False,10,0.118,2
9路,西城区,85,2024-01-05,Friday,21,平峰,False,20,0.235,3
9路,西城区,85,2024-01-05,Friday,22,平峰,False,18,0.212,3
9路,西城区,85,2024-01-06,Saturday,6,平峰,False,43,0.506,2
9路,西城区,85,2024-01-06,Saturday,7,早高峰,True,94,1.106,10
9路,西城区,85,2024-01-06,Saturday,8,早高峰,True,105,1.235,6
9路,西城区,85,2024-01-06,Saturday,9,早高峰,True,95,1.118,11
9路,西城区,85,2024-01-06,Saturday,10,平峰,False,15,0.176,4
9路,西城区,85,2024-01-06,Saturday,11,平峰,False,42,0.494,2
9路,西城区,85,2024-01-06,Saturday,12,平峰,False,105,1.235,4
9路,西城区,85,2024-01-06,Saturday,13,平峰,False,27,0.318,5
9路,西城区,85,2024-01-06,Saturday,14,平峰,False,28,0.329,3
9路,西城区,85,2024-01-06,Saturday,15,平峰,False,21,0.247,5
9路,西城区,85,2024-01-06,Saturday,16,平峰,False,46,0.541,4
9路,西城区,85,2024-01-06,Saturday,17,晚高峰,True,105,1.235,5
9路,西城区,85,2024-01-06,Saturday,18,晚高峰,True,90,1.059,10
9路,西城区,85,2024-01-06,Saturday,19,晚高峰,True,105,1.235,8
9路,西城区,85,2024-01-06,Saturday,20,平峰,False,31,0.365,2
9路,西城区,85,2024-01-06,Saturday,21,平峰,False,26,0.306,5
9路,西城区,85,2024-01-06,Saturday,22,平峰,False,14,0.165,3
9路,西城区,85,2024-01-07,Sunday,6,平峰,False,19,0.224,4
9路,西城区,85,2024-01-07,Sunday,7,早高峰,True,105,1.235,4
9路,西城区,85,2024-01-07,Sunday,8,早高峰,True,88,1.035,9
9路,西城区,85,2024-01-07,Sunday,9,早高峰,True,66,0.776,10
9路,西城区,85,2024-01-07,Sunday,10,平峰,False,37,0.435,4
9路,西城区,85,2024-01-07,Sunday,11,平峰,False,5,0.059,2
9路,西城区,85,2024-01-07,Sunday,12,平峰,False,50,0.588,4
9路,西城区,85,2024-01-07,Sunday,13,平峰,False,72,0.847,3
9路,西城区,85,2024-01-07,Sunday,14,平峰,False,25,0.294,2
9路,西城区,85,2024-01-07,Sunday,15,平峰,False,54,0.635,3
9路,西城区,85,2024-01-07,Sunday,16,平峰,False,26,0.306,2
9路,西城区,85,2024-01-07,Sunday,17,晚高峰,True,70,0.824,8
9路,西城区,85,2024-01-07,Sunday,18,晚高峰,True,82,0.965,7
9路,西城区,85,2024-01-07,Sunday,19,晚高峰,True,63,0.741,6
9路,西城区,85,2024-01-07,Sunday,20,平峰,False,36,0.424,3
9路,西城区,85,2024-01-07,Sunday,21,平峰,False,24,0.282,3
9路,西城区,85,2024-01-07,Sunday,22,平峰,False,23,0.271,3
10路,南城区,60,2024-01-01,Monday,6,平峰,False,13,0.217,5
10路,南城区,60,2024-01-01,Monday,7,早高峰,True,80,1.333,11
10路,南城区,60,2024-01-01,Monday,8,早高峰,True,66,1.1,10
10路,南城区,60,2024-01-01,Monday,9,早高峰,True,60,1.0,8
10路,南城区,60,2024-01-01,Monday,10,平峰,False,27,0.45,2
10路,南城区,60,2024-01-01,Monday,11,平峰,False,5,0.083,5
10路,南城区,60,2024-01-01,Monday,12,平峰,False,61,1.017,2
10路,南城区,60,2024-01-01,Monday,13,平峰,False,53,0.883,5
10路,南城区,60,2024-01-01,Monday,14,平峰,False,31,0.517,3
10路,南城区,60,2024-01-01,Monday,15,平峰,False,40,0.667,2
10路,南城区,60,2024-01-01,Monday,16,平峰,False,42,0.7,4
10路,南城区,60,2024-01-01,Monday,17,晚高峰,True,55,0.917,8
10路,南城区,60,2024-01-01,Monday,18,晚高峰,True,29,0.483,4
10路,南城区,60,2024-01-01,Monday,19,晚高峰,True,46,0.767,10
10路,南城区,60,2024-01-01,Monday,20,平峰,False,28,0.467,5
10路,南城区,60,2024-01-01,Monday,21,平峰,False,23,0.383,3
10路,南城区,60,2024-01-01,Monday,22,平峰,False,11,0.183,5
10路,南城区,60,2024-01-02,Tuesday,6,平峰,False,40,0.667,4
10路,南城区,60,2024-01-02,Tuesday,7,早高峰,True,20,0.333,11
10路,南城区,60,2024-01-02,Tuesday,8,早高峰,True,80,1.333,8
10路,南城区,60,2024-01-02,Tuesday,9,早高峰,True,29,0.483,8
10路,南城区,60,2024-01-02,Tuesday,10,平峰,False,15,0.25,3
10路,南城区,60,2024-01-02,Tuesday,11,平峰,False,58,0.967,4
10路,南城区,60,2024-01-02,Tuesday,12,平峰,False,56,0.933,3
10路,南城区,60,2024-01-02,Tuesday,13,平峰,False,49,0.817,5
10路,南城区,60,2024-01-02,Tuesday,14,平峰,False,27,0.45,2
10路,南城区,60,2024-01-02,Tuesday,15,平峰,False,23,0.383,2
10路,南城区,60,2024-01-02,Tuesday,16,平峰,False,31,0.517,3
10路,南城区,60,2024-01-02,Tuesday,17,晚高峰,True,45,0.75,5
10路,南城区,60,2024-01-02,Tuesday,18,晚高峰,True,61,1.017,11
10路,南城区,60,2024-01-02,Tuesday,19,晚高峰,True,80,1.333,5
10路,南城区,60,2024-01-02,Tuesday,20,平峰,False,61,1.017,5
10路,南城区,60,2024-01-02,Tuesday,21,平峰,False,7,0.117,5
10路,南城区,60,2024-01-02,Tuesday,22,平峰,False,19,0.317,5
10路,南城区,60,2024-01-03,Wednesday,6,平峰,False,32,0.533,5
10路,南城区,60,2024-01-03,Wednesday,7,早高峰,True,80,1.333,5
10路,南城区,60,2024-01-03,Wednesday,8,早高峰,True,46,0.767,11
10路,南城区,60,2024-01-03,Wednesday,9,早高峰,True,80,1.333,9
10路,南城区,60,2024-01-03,Wednesday,10,平峰,False,23,0.383,5
10路,南城区,60,2024-01-03,Wednesday,11,平峰,False,48,0.8,4
10路,南城区,60,2024-01-03,Wednesday,12,平峰,False,45,0.75,3
10路,南城区,60,2024-01-03,Wednesday,13,平峰,False,47,0.783,5
10路,南城区,60,2024-01-03,Wednesday,14,平峰,False,23,0.383,3
10路,南城区,60,2024-01-03,Wednesday,15,平峰,False,31,0.517,4
10路,南城区,60,2024-01-03,Wednesday,16,平峰,False,45,0.75,4
10路,南城区,60,2024-01-03,Wednesday,17,晚高峰,True,80,1.333,4
10路,南城区,60,2024-01-03,Wednesday,18,晚高峰,True,38,0.633,11
10路,南城区,60,2024-01-03,Wednesday,19,晚高峰,True,80,1.333,6
10路,南城区,60,2024-01-03,Wednesday,20,平峰,False,36,0.6,4
10路,南城区,60,2024-01-03,Wednesday,21,平峰,False,5,0.083,2
10路,南城区,60,2024-01-03,Wednesday,22,平峰,False,29,0.483,2
10路,南城区,60,2024-01-04,Thursday,6,平峰,False,15,0.25,5
10路,南城区,60,2024-01-04,Thursday,7,早高峰,True,45,0.75,6
10路,南城区,60,2024-01-04,Thursday,8,早高峰,True,80,1.333,8
10路,南城区,60,2024-01-04,Thursday,9,早高峰,True,80,1.333,10
10路,南城区,60,2024-01-04,Thursday,10,平峰,False,43,0.717,4
10路,南城区,60,2024-01-04,Thursday,11,平峰,False,34,0.567,4
10路,南城区,60,2024-01-04,Thursday,12,平峰,False,73,1.217,5
10路,南城区,60,2024-01-04,Thursday,13,平峰,False,63,1.05,4
10路,南城区,60,2024-01-04,Thursday,14,平峰,False,16,0.267,3
10路,南城区,60,2024-01-04,Thursday,15,平峰,False,32,0.533,3
10路,南城区,60,2024-01-04,Thursday,16,平峰,False,49,0.817,3
10路,南城区,60,2024-01-04,Thursday,17,晚高峰,True,80,1.333,6
10路,南城区,60,2024-01-04,Thursday,18,晚高峰,True,80,1.333,11
10路,南城区,60,2024-01-04,Thursday,19,晚高峰,True,68,1.133,8
10路,南城区,60,2024-01-04,Thursday,20,平峰,False,29,0.483,3
10路,南城区,60,2024-01-04,Thursday,21,平峰,False,24,0.4,3
10路,南城区,60,2024-01-04,Thursday,22,平峰,False,19,0.317,4
10路,南城区,60,2024-01-05,Friday,6,平峰,False,7,0.117,2
10路,南城区,60,2024-01-05,Friday,7,早高峰,True,73,1.217,9
10路,南城区,60,2024-01-05,Friday,8,早高峰,True,70,1.167,9
10路,南城区,60,2024-01-05,Friday,9,早高峰,True,33,0.55,11
10路,南城区,60,2024-01-05,Friday,10,平峰,False,56,0.933,3
10路,南城区,60,2024-01-05,Friday,11,平峰,False,37,0.617,3
10路,南城区,60,2024-01-05,Friday,12,平峰,False,34,0.567,3
10路,南城区,60,2024-01-05,Friday,13,平峰,False,72,1.2,3
10路,南城区,60,2024-01-05,Friday,14,平峰,False,31,0.517,5
10路,南城区,60,2024-01-05,Friday,15,平峰,False,15,0.25,2
10路,南城区,60,2024-01-05,Friday,16,平峰,False,52,0.867,5
10路,南城区,60,2024-01-05,Friday,17,晚高峰,True,80,1.333,6
10路,南城区,60,2024-01-05,Friday,18,晚高峰,True,57,0.95,7
10路,南城区,60,2024-01-05,Friday,19,晚高峰,True,73,1.217,5
10路,南城区,60,2024-01-05,Friday,20,平峰,False,41,0.683,4
10路,南城区,60,2024-01-05,Friday,21,平峰,False,16,0.267,3
10路,南城区,60,2024-01-05,Friday,22,平峰,False,5,0.083,3
10路,南城区,60,2024-01-06,Saturday,6,平峰,False,31,0.517,3
10路,南城区,60,2024-01-06,Saturday,7,早高峰,True,52,0.867,10
10路,南城区,60,2024-01-06,Saturday,8,早高峰,True,80,1.333,9
10路,南城区,60,2024-01-06,Saturday,9,早高峰,True,7,0.117,9
10路,南城区,60,2024-01-06,Saturday,10,平峰,False,44,0.733,2
10路,南城区,60,2024-01-06,Saturday,11,平峰,False,58,0.967,3
10路,南城区,60,2024-01-06,Saturday,12,平峰,False,29,0.483,5
10路,南城区,60,2024-01-06,Saturday,13,平峰,False,36,0.6,3
10路,南城区,60,2024-01-06,Saturday,14,平峰,False,15,0.25,4
10路,南城区,60,2024-01-06,Saturday,15,平峰,False,16,0.267,4
10路,南城区,60,2024-01-06,Saturday,16,平峰,False,20,0.333,2
10路,南城区,60,2024-01-06,Saturday,17,晚高峰,True,75,1.25,8
10路,南城区,60,2024-01-06,Saturday,18,晚高峰,True,80,1.333,7
10路,南城区,60,2024-01-06,Saturday,19,晚高峰,True,65,1.083,5
10路,南城区,60,2024-01-06,Saturday,20,平峰,False,48,0.8,5
10路,南城区,60,2024-01-06,Saturday,21,平峰,False,28,0.467,4
10路,南城区,60,2024-01-06,Saturday,22,平峰,False,7,0.117,5
10路,南城区,60,2024-01-07,Sunday,6,平峰,False,8,0.133,3
10路,南城区,60,2024-01-07,Sunday,7,早高峰,True,18,0.3,10
10路,南城区,60,2024-01-07,Sunday,8,早高峰,True,61,1.017,6
10路,南城区,60,2024-01-07,Sunday,9,早高峰,True,80,1.333,11
10路,南城区,60,2024-01-07,Sunday,10,平峰,False,17,0.283,2
10路,南城区,60,2024-01-07,Sunday,11,平峰,False,71,1.183,4
10路,南城区,60,2024-01-07,Sunday,12,平峰,False,43,0.717,3
10路,南城区,60,2024-01-07,Sunday,13,平峰,False,37,0.617,5
10路,南城区,60,2024-01-07,Sunday,14,平峰,False,24,0.4,4
10路,南城区,60,2024-01-07,Sunday,15,平峰,False,22,0.367,3
10路,南城区,60,2024-01-07,Sunday,16,平峰,False,24,0.4,5
10路,南城区,60,2024-01-07,Sunday,17,晚高峰,True,59,0.983,11
10路,南城区,60,2024-01-07,Sunday,18,晚高峰,True,80,1.333,4
10路,南城区,60,2024-01-07,Sunday,19,晚高峰,True,80,1.333,9
10路,南城区,60,2024-01-07,Sunday,20,平峰,False,16,0.267,5
10路,南城区,60,2024-01-07,Sunday,21,平峰,False,17,0.283,4
10路,南城区,60,2024-01-07,Sunday,22,平峰,False,11,0.183,2
11路,北城区,70,2024-01-01,Monday,6,平峰,False,5,0.071,4
11路,北城区,70,2024-01-01,Monday,7,早高峰,True,90,1.286,8
11路,北城区,70,2024-01-01,Monday,8,早高峰,True,56,0.8,10
11路,北城区,70,2024-01-01,Monday,9,早高峰,True,73,1.043,7
11路,北城区,70,2024-01-01,Monday,10,平峰,False,37,0.529,4
11路,北城区,70,2024-01-01,Monday,11,平峰,False,26,0.371,3
11路,北城区,70,2024-01-01,Monday,12,平峰,False,39,0.557,4
11路,北城区,70,2024-01-01,Monday,13,平峰,False,67,0.957,5
11路,北城区,70,2024-01-01,Monday,14,平峰,False,33,0.471,3
11路,北城区,70,2024-01-01,Monday,15,平峰,False,27,0.386,2
11路,北城区,70,2024-01-01,Monday,16,平峰,False,34,0.486,4
11路,北城区,70,2024-01-01,Monday,17,晚高峰,True,90,1.286,5
11路,北城区,70,2024-01-01,Monday,18,晚高峰,True,45,0.643,10
11路,北城区,70,2024-01-01,Monday,19,晚高峰,True,37,0.529,10
11路,北城区,70,2024-01-01,Monday,20,平峰,False,28,0.4,3
11路,北城区,70,2024-01-01,Monday,21,平峰,False,16,0.229,2
11路,北城区,70,2024-01-01,Monday,22,平峰,False,30,0.429,5
11路,北城区,70,2024-01-02,Tuesday,6,平峰,False,7,0.1,3
11路,北城区,70,2024-01-02,Tuesday,7,早高峰,True,90,1.286,4
11路,北城区,70,2024-01-02,Tuesday,8,早高峰,True,50,0.714,8
11路,北城区,70,2024-01-02,Tuesday,9,早高峰,True,90,1.286,6
11路,北城区,70,2024-01-02,Tuesday,10,平峰,False,32,0.457,5
11路,北城区,70,2024-01-02,Tuesday,11,平峰,False,53,0.757,2
11路,北城区,70,2024-01-02,Tuesday,12,平峰,False,27,0.386,5
11路,北城区,70,2024-01-02,Tuesday,13,平峰,False,62,0.886,5
11路,北城区,70,2024-01-02,Tuesday,14,平峰,False,12,0.171,3
11路,北城区,70,2024-01-02,Tuesday,15,平峰,False,17,0.243,5
11路,北城区,70,2024-01-02,Tuesday,16,平峰,False,35,0.5,2
11路,北城区,70,2024-01-02,Tuesday,17,晚高峰,True,90,1.286,11
11路,北城区,70,2024-01-02,Tuesday,18,晚高峰,True,68,0.971,5
11路,北城区,70,2024-01-02,Tuesday,19,晚高峰,True,35,0.5,7
11路,北城区,70,2024-01-02,Tuesday,20,平峰,False,29,0.414,5
11路,北城区,70,2024-01-02,Tuesday,21,平峰,False,38,0.543,5
11路,北城区,70,2024-01-02,Tuesday,22,平峰,False,5,0.071,2
11路,北城区,70,2024-01-03,Wednesday,6,平峰,False,21,0.3,3
11路,北城区,70,2024-01-03,Wednesday,7,早高峰,True,60,0.857,6
11路,北城区,70,2024-01-03,Wednesday,8,早高峰,True,74,1.057,8
11路,北城区,70,2024-01-03,Wednesday,9,早高峰,True,26,0.371,4
11路,北城区,70,2024-01-03,Wednesday,10,平峰,False,30,0.429,5
11路,北城区,70,2024-01-03,Wednesday,11,平峰,False,51,0.729,2
11路,北城区,70,2024-01-03,Wednesday,12,平峰,False,44,0.629,4
11路,北城区,70,2024-01-03,Wednesday,13,平峰,False,37,0.529,4
11路,北城区,70,2024-01-03,Wednesday,14,平峰,False,27,0.386,2
11路,北城区,70,2024-01-03,Wednesday,15,平峰,False,40,0.571,4
11路,北城区,70,2024-01-03,Wednesday,16,平峰,False,10,0.143,3
11路,北城区,70,2024-01-03,Wednesday,17,晚高峰,True,49,0.7,9
11路,北城区,70,2024-01-03,Wednesday,18,晚高峰,True,28,0.4,11
11路,北城区,70,2024-01-03,Wednesday,19,晚高峰,True,90,1.286,7
11路,北城区,70,2024-01-03,Wednesday,20,平峰,False,5,0.071,2
11路,北城区,70,2024-01-03,Wednesday,21,平峰,False,21,0.3,3
11路,北城区,70,2024-01-03,Wednesday,22,平峰,False,22,0.314,4
11路,北城区,70,2024-01-04,Thursday,6,平峰,False,22,0.314,3
11路,北城区,70,2024-01-04,Thursday,7,早高峰,True,86,1.229,4
11路,北城区,70,2024-01-04,Thursday,8,早高峰,True,54,0.771,9
11路,北城区,70,2024-01-04,Thursday,9,早高峰,True,90,1.286,9
11路,北城区,70,2024-01-04,Thursday,10,平峰,False,20,0.286,3
11路,北城区,70,2024-01-04,Thursday,11,平峰,False,67,0.957,5
11路,北城区,70,2024-01-04,Thursday,12,平峰,False,52,0.743,2
11路,北城区,70,2024-01-04,Thursday,13,平峰,False,64,0.914,5
11路,北城区,70,2024-01-04,Thursday,14,平峰,False,55,0.786,2
11路,北城区,70,2024-01-04,Thursday,15,平峰,False,29,0.414,4
11路,北城区,70,2024-01-04,Thursday,16,平峰,False,29,0.414,4
11路,北城区,70,2024-01-04,Thursday,17,晚高峰,True,78,1.114,5
11路,北城区,70,2024-01-04,Thursday,18,晚高峰,True,88,1.257,4
11路,北城区,70,2024-01-04,Thursday,19,晚高峰,True,90,1.286,7
11路,北城区,70,2024-01-04,Thursday,20,平峰,False,33,0.471,3
11路,北城区,70,2024-01-04,Thursday,21,平峰,False,32,0.457,2
11路,北城区,70,2024-01-04,Thursday,22,平峰,False,10,0.143,3
11路,北城区,70,2024-01-05,Friday,6,平峰,False,20,0.286,5
11路,北城区,70,2024-01-05,Friday,7,早高峰,True,90,1.286,5
11路,北城区,70,2024-01-05,Friday,8,早高峰,True,74,1.057,9
11路,北城区,70,2024-01-05,Friday,9,早高峰,True,74,1.057,10
11路,北城区,70,2024-01-05,Friday,10,平峰,False,6,0.086,3
11路,北城区,70,2024-01-05,Friday,11,平峰,False,27,0.386,5
11路,北城区,70,2024-01-05,Friday,12,平峰,False,28,0.4,3
11路,北城区,70,2024-01-05,Friday,13,平峰,False,5,0.071,3
11路,北城区,70,2024-01-05,Friday,14,平峰,False,5,0.071,2
11路,北城区,70,2024-01-05,Friday,15,平峰,False,41,0.586,4
11路,北城区,70,2024-01-05,Friday,16,平峰,False,11,0.157,3
11路,北城区,70,2024-01-05,Friday,17,晚高峰,True,84,1.2,4
11路,北城区,70,2024-01-05,Friday,18,晚高峰,True,77,1.1,11
11路,北城区,70,2024-01-05,Friday,19,晚高峰,True,82,1.171,5
11路,北城区,70,2024-01-05,Friday,20,平峰,False,27,0.386,3
11路,北城区,70,2024-01-05,Friday,21,平峰,False,26,0.371,4
11路,北城区,70,2024-01-05,Friday,22,平峰,False,10,0.143,3
11路,北城区,70,2024-01-06,Saturday,6,平峰,False,18,0.257,3
11路,北城区,70,2024-01-06,Saturday,7,早高峰,True,80,1.143,8
11路,北城区,70,2024-01-06,Saturday,8,早高峰,True,90,1.286,4
11路,北城区,70,2024-01-06,Saturday,9,早高峰,True,89,1.271,5
11路,北城区,70,2024-01-06,Saturday,10,平峰,False,16,0.229,3
11路,北城区,70,2024-01-06,Saturday,11,平峰,False,47,0.671,4
11路,北城区,70,2024-01-06,Saturday,12,平峰,False,34,0.486,4
11路,北城区,70,2024-01-06,Saturday,13,平峰,False,18,0.257,5
11路,北城区,70,2024-01-06,Saturday,14,平峰,False,22,0.314,4
11路,北城区,70,2024-01-06,Saturday,15,平峰,False,21,0.3,4
11路,北城区,70,2024-01-06,Saturday,16,平峰,False,13,0.186,2
11路,北城区,70,2024-01-06,Saturday,17,晚高峰,True,20,0.286,10
11路,北城区,70,2024-01-06,Saturday,18,晚高峰,True,90,1.286,9
11路,北城区,70,2024-01-06,Saturday,19,晚高峰,True,48,0.686,9
11路,北城区,70,2024-01-06,Saturday,20,平峰,False,28,0.4,2
11路,北城区,70,2024-01-06,Saturday,21,平峰,False,17,0.243,2
11路,北城区,70,2024-01-06,Saturday,22,平峰,False,8,0.114,5
11路,北城区,70,2024-01-07,Sunday,6,平峰,False,14,0.2,5
11路,北城区,70,2024-01-07,Sunday,7,早高峰,True,77,1.1,10
11路,北城区,70,2024-01-07,Sunday,8,早高峰,True,55,0.786,9
11路,北城区,70,2024-01-07,Sunday,9,早高峰,True,90,1.286,5
11路,北城区,70,2024-01-07,Sunday,10,平峰,False,14,0.2,3
11路,北城区,70,2024-01-07,Sunday,11,平峰,False,42,0.6,4
11路,北城区,70,2024-01-07,Sunday,12,平峰,False,30,0.429,2
11路,北城区,70,2024-01-07,Sunday,13,平峰,False,28,0.4,2
11路,北城区,70,2024-01-07,Sunday,14,平峰,False,34,0.486,2
11路,北城区,70,2024-01-07,Sunday,15,平峰,False,43,0.614,5
11路,北城区,70,2024-01-07,Sunday,16,平峰,False,31,0.443,3
11路,北城区,70,2024-01-07,Sunday,17,晚高峰,True,90,1.286,8
11路,北城区,70,2024-01-07,Sunday,18,晚高峰,True,90,1.286,4
11路,北城区,70,2024-01-07,Sunday,19,晚高峰,True,90,1.286,5
11路,北城区,70,2024-01-07,Sunday,20,平峰,False,24,0.343,5
11路,北城区,70,2024-01-07,Sunday,21,平峰,False,10,0.143,4
11路,北城区,70,2024-01-07,Sunday,22,平峰,False,5,0.071,5
12路,市中心区,95,2024-01-01,Monday,6,平峰,False,58,0.611,5
12路,市中心区,95,2024-01-01,Monday,7,早高峰,True,115,1.211,5
12路,市中心区,95,2024-01-01,Monday,8,早高峰,True,115,1.211,4
12路,市中心区,95,2024-01-01,Monday,9,早高峰,True,83,0.874,8
12路,市中心区,95,2024-01-01,Monday,10,平峰,False,33,0.347,2
12路,市中心区,95,2024-01-01,Monday,11,平峰,False,54,0.568,3
12路,市中心区,95,2024-01-01,Monday,12,平峰,False,31,0.326,5
12路,市中心区,95,2024-01-01,Monday,13,平峰,False,89,0.937,5
12路,市中心区,95,2024-01-01,Monday,14,平峰,False,40,0.421,2
12路,市中心区,95,2024-01-01,Monday,15,平峰,False,17,0.179,2
12路,市中心区,95,2024-01-01,Monday,16,平峰,False,89,0.937,4
12路,市中心区,95,2024-01-01,Monday,17,晚高峰,True,85,0.895,6
12路,市中心区,95,2024-01-01,Monday,18,晚高峰,True,107,1.126,9
12路,市中心区,95,2024-01-01,Monday,19,晚高峰,True,114,1.2,5
12路,市中心区,95,2024-01-01,Monday,20,平峰,False,55,0.579,5
12路,市中心区,95,2024-01-01,Monday,21,平峰,False,37,0.389,4
12路,市中心区,95,2024-01-01,Monday,22,平峰,False,41,0.432,5
12路,市中心区,95,2024-01-02,Tuesday,6,平峰,False,36,0.379,5
12路,市中心区,95,2024-01-02,Tuesday,7,早高峰,True,103,1.084,11
12路,市中心区,95,2024-01-02,Tuesday,8,早高峰,True,115,1.211,11
12路,市中心区,95,2024-01-02,Tuesday,9,早高峰,True,115,1.211,5
12路,市中心区,95,2024-01-02,Tuesday,10,平峰,False,29,0.305,3
12路,市中心区,95,2024-01-02,Tuesday,11,平峰,False,57,0.6,5
12路,市中心区,95,2024-01-02,Tuesday,12,平峰,False,28,0.295,5
12路,市中心区,95,2024-01-02,Tuesday,13,平峰,False,115,1.211,5
12路,市中心区,95,2024-01-02,Tuesday,14,平峰,False,40,0.421,5
12路,市中心区,95,2024-01-02,Tuesday,15,平峰,False,15,0.158,2
12路,市中心区,95,2024-01-02,Tuesday,16,平峰,False,59,0.621,5
12路,市中心区,95,2024-01-02,Tuesday,17,晚高峰,True,115,1.211,9
12路,市中心区,95,2024-01-02,Tuesday,18,晚高峰,True,50,0.526,9
12路,市中心区,95,2024-01-02,Tuesday,19,晚高峰,True,58,0.611,7
12路,市中心区,95,2024-01-02,Tuesday,20,平峰,False,62,0.653,4
12路,市中心区,95,2024-01-02,Tuesday,21,平峰,False,20,0.211,5
12路,市中心区,95,2024-01-02,Tuesday,22,平峰,False,33,0.347,5
12路,市中心区,95,2024-01-03,Wednesday,6,平峰,False,42,0.442,2
12路,市中心区,95,2024-01-03,Wednesday,7,早高峰,True,78,0.821,8
12路,市中心区,95,2024-01-03,Wednesday,8,早高峰,True,115,1.211,5
12路,市中心区,95,2024-01-03,Wednesday,9,早高峰,True,115,1.211,9
12路,市中心区,95,2024-01-03,Wednesday,10,平峰,False,36,0.379,4
12路,市中心区,95,2024-01-03,Wednesday,11,平峰,False,53,0.558,4
12路,市中心区,95,2024-01-03,Wednesday,12,平峰,False,47,0.495,3
12路,市中心区,95,2024-01-03,Wednesday,13,平峰,False,91,0.958,2
12路,市中心区,95,2024-01-03,Wednesday,14,平峰,False,38,0.4,2
12路,市中心区,95,2024-01-03,Wednesday,15,平峰,False,76,0.8,4
12路,市中心区,95,2024-01-03,Wednesday,16,平峰,False,26,0.274,3
12路,市中心区,95,2024-01-03,Wednesday,17,晚高峰,True,98,1.032,7
12路,市中心区,95,2024-01-03,Wednesday,18,晚高峰,True,115,1.211,8
12路,市中心区,95,2024-01-03,Wednesday,19,晚高峰,True,96,1.011,8
12路,市中心区,95,2024-01-03,Wednesday,20,平峰,False,49,0.516,2
12路,市中心区,95,2024-01-03,Wednesday,21,平峰,False,26,0.274,5
12路,市中心区,95,2024-01-03,Wednesday,22,平峰,False,26,0.274,3
12路,市中心区,95,2024-01-04,Thursday,6,平峰,False,46,0.484,3
12路,市中心区,95,2024-01-04,Thursday,7,早高峰,True,83,0.874,4
12路,市中心区,95,2024-01-04,Thursday,8,早高峰,True,110,1.158,11
12路,市中心区,95,2024-01-04,Thursday,9,早高峰,True,115,1.211,5
12路,市中心区,95,2024-01-04,Thursday,10,平峰,False,35,0.368,5
12路,市中心区,95,2024-01-04,Thursday,11,平峰,False,68,0.716,4
12路,市中心区,95,2024-01-04,Thursday,12,平峰,False,62,0.653,3
12路,市中心区,95,2024-01-04,Thursday,13,平峰,False,54,0.568,4
12路,市中心区,95,2024-01-04,Thursday,14,平峰,False,87,0.916,3
12路,市中心区,95,2024-01-04,Thursday,15,平峰,False,53,0.558,3
12路,市中心区,95,2024-01-04,Thursday,16,平峰,False,32,0.337,5
12路,市中心区,95,2024-01-04,Thursday,17,晚高峰,True,115,1.211,4
12路,市中心区,95,2024-01-04,Thursday,18,晚高峰,True,115,1.211,6
12路,市中心区,95,2024-01-04,Thursday,19,晚高峰,True,76,0.8,7
12路,市中心区,95,2024-01-04,Thursday,20,平峰,False,60,0.632,2
12路,市中心区,95,2024-01-04,Thursday,21,平峰,False,12,0.126,3
12路,市中心区,95,2024-01-04,Thursday,22,平峰,False,16,0.168,5
12路,市中心区,95,2024-01-05,Friday,6,平峰,False,42,0.442,4
12路,市中心区,95,2024-01-05,Friday,7,早高峰,True,115,1.211,11
12路,市中心区,95,2024-01-05,Friday,8,早高峰,True,112,1.179,6
12路,市中心区,95,2024-01-05,Friday,9,早高峰,True,115,1.211,5
12路,市中心区,95,2024-01-05,Friday,10,平峰,False,55,0.579,4
12路,市中心区,95,2024-01-05,Friday,11,平峰,False,88,0.926,5
12路,市中心区,95,2024-01-05,Friday,12,平峰,False,46,0.484,5
12路,市中心区,95,2024-01-05,Friday,13,平峰,False,55,0.579,5
12路,市中心区,95,2024-01-05,Friday,14,平峰,False,28,0.295,4
12路,市中心区,95,2024-01-05,Friday,15,平峰,False,38,0.4,5
12路,市中心区,95,2024-01-05,Friday,16,平峰,False,56,0.589,3
12路,市中心区,95,2024-01-05,Friday,17,晚高峰,True,111,1.168,11
12路,市中心区,95,2024-01-05,Friday,18,晚高峰,True,106,1.116,7
12路,市中心区,95,2024-01-05,Friday,19,晚高峰,True,115,1.211,9
12路,市中心区,95,2024-01-05,Friday,20,平峰,False,32,0.337,2
12路,市中心区,95,2024-01-05,Friday,21,平峰,False,31,0.326,5
12路,市中心区,95,2024-01-05,Friday,22,平峰,False,21,0.221,2
12路,市中心区,95,2024-01-06,Saturday,6,平峰,False,35,0.368,4
12路,市中心区,95,2024-01-06,Saturday,7,早高峰,True,99,1.042,10
12路,市中心区,95,2024-01-06,Saturday,8,早高峰,True,115,1.211,7
12路,市中心区,95,2024-01-06,Saturday,9,早高峰,True,115,1.211,8
12路,市中心区,95,2024-01-06,Saturday,10,平峰,False,27,0.284,2
12路,市中心区,95,2024-01-06,Saturday,11,平峰,False,76,0.8,3
12路,市中心区,95,2024-01-06,Saturday,12,平峰,False,50,0.526,2
12路,市中心区,95,2024-01-06,Saturday,13,平峰,False,35,0.368,2
12路,市中心区,95,2024-01-06,Saturday,14,平峰,False,36,0.379,4
12路,市中心区,95,2024-01-06,Saturday,15,平峰,False,81,0.853,3
12路,市中心区,95,2024-01-06,Saturday,16,平峰,False,81,0.853,3
12路,市中心区,95,2024-01-06,Saturday,17,晚高峰,True,102,1.074,10
12路,市中心区,95,2024-01-06,Saturday,18,晚高峰,True,100,1.053,11
12路,市中心区,95,2024-01-06,Saturday,19,晚高峰,True,109,1.147,4
12路,市中心区,95,2024-01-06,Saturday,20,平峰,False,69,0.726,4
12路,市中心区,95,2024-01-06,Saturday,21,平峰,False,41,0.432,3
12路,市中心区,95,2024-01-06,Saturday,22,平峰,False,33,0.347,3
12路,市中心区,95,2024-01-07,Sunday,6,平峰,False,14,0.147,5
12路,市中心区,95,2024-01-07,Sunday,7,早高峰,True,115,1.211,8
12路,市中心区,95,2024-01-07,Sunday,8,早高峰,True,78,0.821,8
12路,市中心区,95,2024-01-07,Sunday,9,早高峰,True,110,1.158,9
12路,市中心区,95,2024-01-07,Sunday,10,平峰,False,76,0.8,4
12路,市中心区,95,2024-01-07,Sunday,11,平峰,False,29,0.305,5
12路,市中心区,95,2024-01-07,Sunday,12,平峰,False,80,0.842,5
12路,市中心区,95,2024-01-07,Sunday,13,平峰,False,38,0.4,3
12路,市中心区,95,2024-01-07,Sunday,14,平峰,False,24,0.253,5
12路,市中心区,95,2024-01-07,Sunday,15,平峰,False,39,0.411,2
12路,市中心区,95,2024-01-07,Sunday,16,平峰,False,45,0.474,2
12路,市中心区,95,2024-01-07,Sunday,17,晚高峰,True,96,1.011,8
12路,市中心区,95,2024-01-07,Sunday,18,晚高峰,True,111,1.168,5
12路,市中心区,95,2024-01-07,Sunday,19,晚高峰,True,114,1.2,5
12路,市中心区,95,2024-01-07,Sunday,20,平峰,False,34,0.358,2
12路,市中心区,95,2024-01-07,Sunday,21,平峰,False,32,0.337,4
12路,市中心区,95,2024-01-07,Sunday,22,平峰,False,27,0.284,2
13路,东城区,55,2024-01-01,Monday,6,平峰,False,9,0.164,2
13路,东城区,55,2024-01-01,Monday,7,早高峰,True,75,1.364,5
13路,东城区,55,2024-01-01,Monday,8,早高峰,True,58,1.055,10
13路,东城区,55,2024-01-01,Monday,9,早高峰,True,60,1.091,7
13路,东城区,55,2024-01-01,Monday,10,平峰,False,23,0.418,4
13路,东城区,55,2024-01-01,Monday,11,平峰,False,42,0.764,2
13路,东城区,55,2024-01-01,Monday,12,平峰,False,44,0.8,4
13路,东城区,55,2024-01-01,Monday,13,平峰,False,74,1.345,2
13路,东城区,55,2024-01-01,Monday,14,平峰,False,68,1.236,5
13路,东城区,55,2024-01-01,Monday,15,平峰,False,22,0.4,2
13路,东城区,55,2024-01-01,Monday,16,平峰,False,32,0.582,5
13路,东城区,55,2024-01-01,Monday,17,晚高峰,True,63,1.145,8
13路,东城区,55,2024-01-01,Monday,18,晚高峰,True,60,1.091,4
13路,东城区,55,2024-01-01,Monday,19,晚高峰,True,52,0.945,10
13路,东城区,55,2024-01-01,Monday,20,平峰,False,5,0.091,3
13路,东城区,55,2024-01-01,Monday,21,平峰,False,16,0.291,2
13路,东城区,55,2024-01-01,Monday,22,平峰,False,26,0.473,3
13路,东城区,55,2024-01-02,Tuesday,6,平峰,False,22,0.4,4
13路,东城区,55,2024-01-02,Tuesday,7,早高峰,True,75,1.364,10
13路,东城区,55,2024-01-02,Tuesday,8,早高峰,True,75,1.364,9
13路,东城区,55,2024-01-02,Tuesday,9,早高峰,True,25,0.455,9
13路,东城区,55,2024-01-02,Tuesday,10,平峰,False,21,0.382,2
13路,东城区,55,2024-01-02,Tuesday,11,平峰,False,9,0.164,5
13路,东城区,55,2024-01-02,Tuesday,12,平峰,False,41,0.745,5
13路,东城区,55,2024-01-02,Tuesday,13,平峰,False,43,0.782,3
13路,东城区,55,2024-01-02,Tuesday,14,平峰,False,46,0.836,4
13路,东城区,55,2024-01-02,Tuesday,15,平峰,False,49,0.891,5
13路,东城区,55,2024-01-02,Tuesday,16,平峰,False,10,0.182,3
13路,东城区,55,2024-01-02,Tuesday,17,晚高峰,True,73,1.327,9
13路,东城区,55,2024-01-02,Tuesday,18,晚高峰,True,75,1.364,8
13路,东城区,55,2024-01-02,Tuesday,19,晚高峰,True,32,0.582,5
13路,东城区,55,2024-01-02,Tuesday,20,平峰,False,14,0.255,2
13路,东城区,55,2024-01-02,Tuesday,21,平峰,False,11,0.2,2
13路,东城区,55,2024-01-02,Tuesday,22,平峰,False,18,0.327,2
13路,东城区,55,2024-01-03,Wednesday,6,平峰,False,5,0.091,5
13路,东城区,55,2024-01-03,Wednesday,7,早高峰,True,75,1.364,8
13路,东城区,55,2024-01-03,Wednesday,8,早高峰,True,70,1.273,7
13路,东城区,55,2024-01-03,Wednesday,9,早高峰,True,60,1.091,8
13路,东城区,55,2024-01-03,Wednesday,10,平峰,False,35,0.636,5
13路,东城区,55,2024-01-03,Wednesday,11,平峰,False,44,0.8,2
13路,东城区,55,2024-01-03,Wednesday,12,平峰,False,11,0.2,3
13路,东城区,55,2024-01-03,Wednesday,13,平峰,False,26,0.473,5
13路,东城区,55,2024-01-03,Wednesday,14,平峰,False,43,0.782,5
13路,东城区,55,2024-01-03,Wednesday,15,平峰,False,24,0.436,2
13路,东城区,55,2024-01-03,Wednesday,16,平峰,False,46,0.836,2
13路,东城区,55,2024-01-03,Wednesday,17,晚高峰,True,75,1.364,5
13路,东城区,55,2024-01-03,Wednesday,18,晚高峰,True,75,1.364,6
13路,东城区,55,2024-01-03,Wednesday,19,晚高峰,True,27,0.491,10
13路,东城区,55,2024-01-03,Wednesday,20,平峰,False,10,0.182,3
13路,东城区,55,2024-01-03,Wednesday,21,平峰,False,12,0.218,2
13路,东城区,55,2024-01-03,Wednesday,22,平峰,False,23,0.418,3
13路,东城区,55,2024-01-04,Thursday,6,平峰,False,20,0.364,4
13路,东城区,55,2024-01-04,Thursday,7,早高峰,True,75,1.364,7
13路,东城区,55,2024-01-04,Thursday,8,早高峰,True,75,1.364,5
13路,东城区,55,2024-01-04,Thursday,9,早高峰,True,65,1.182,10
13路,东城区,55,2024-01-04,Thursday,10,平峰,False,12,0.218,4
13路,东城区,55,2024-01-04,Thursday,11,平峰,False,58,1.055,3
13路,东城区,55,2024-01-04,Thursday,12,平峰,False,58,1.055,2
13路,东城区,55,2024-01-04,Thursday,13,平峰,False,28,0.509,2
13路,东城区,55,2024-01-04,Thursday,14,平峰,False,29,0.527,2
13路,东城区,55,2024-01-04,Thursday,15,平峰,False,21,0.382,3
13路,东城区,55,2024-01-04,Thursday,16,平峰,False,38,0.691,2
13路,东城区,55,2024-01-04,Thursday,17,晚高峰,True,75,1.364,4
13路,东城区,55,2024-01-04,Thursday,18,晚高峰,True,55,1.0,11
13路,东城区,55,2024-01-04,Thursday,19,晚高峰,True,72,1.309,5
13路,东城区,55,2024-01-04,Thursday,20,平峰,False,5,0.091,3
13路,东城区,55,2024-01-04,Thursday,21,平峰,False,33,0.6,4
13路,东城区,55,2024-01-04,Thursday,22,平峰,False,18,0.327,5
13路,东城区,55,2024-01-05,Friday,6,平峰,False,16,0.291,5
13路,东城区,55,2024-01-05,Friday,7,早高峰,True,75,1.364,5
13路,东城区,55,2024-01-05,Friday,8,早高峰,True,75,1.364,7
13路,东城区,55,2024-01-05,Friday,9,早高峰,True,75,1.364,11
13路,东城区,55,2024-01-05,Friday,10,平峰,False,8,0.145,3
13路,东城区,55,2024-01-05,Friday,11,平峰,False,57,1.036,4
13路,东城区,55,2024-01-05,Friday,12,平峰,False,18,0.327,4
13路,东城区,55,2024-01-05,Friday,13,平峰,False,45,0.818,5
13路,东城区,55,2024-01-05,Friday,14,平峰,False,21,0.382,3
13路,东城区,55,2024-01-05,Friday,15,平峰,False,43,0.782,3
13路,东城区,55,2024-01-05,Friday,16,平峰,False,39,0.709,4
13路,东城区,55,2024-01-05,Friday,17,晚高峰,True,39,0.709,9
13路,东城区,55,2024-01-05,Friday,18,晚高峰,True,75,1.364,5
13路,东城区,55,2024-01-05,Friday,19,晚高峰,True,75,1.364,4
13路,东城区,55,2024-01-05,Friday,20,平峰,False,29,0.527,2
13路,东城区,55,2024-01-05,Friday,21,平峰,False,22,0.4,2
13路,东城区,55,2024-01-05,Friday,22,平峰,False,15,0.273,5
13路,东城区,55,2024-01-06,Saturday,6,平峰,False,11,0.2,2
13路,东城区,55,2024-01-06,Saturday,7,早高峰,True,40,0.727,11
13路,东城区,55,2024-01-06,Saturday,8,早高峰,True,75,1.364,7
13路,东城区,55,2024-01-06,Saturday,9,早高峰,True,75,1.364,10
13路,东城区,55,2024-01-06,Saturday,10,平峰,False,26,0.473,3
13路,东城区,55,2024-01-06,Saturday,11,平峰,False,43,0.782,2
13路,东城区,55,2024-01-06,Saturday,12,平峰,False,34,0.618,2
13路,东城区,55,2024-01-06,Saturday,13,平峰,False,57,1.036,3
13路,东城区,55,2024-01-06,Saturday,14,平峰,False,27,0.491,3
13路,东城区,55,2024-01-06,Saturday,15,平峰,False,31,0.564,2
13路,东城区,55,2024-01-06,Saturday,16,平峰,False,26,0.473,2
13路,东城区,55,2024-01-06,Saturday,17,晚高峰,True,66,1.2,9
13路,东城区,55,2024-01-06,Saturday,18,晚高峰,True,61,1.109,8
13路,东城区,55,2024-01-06,Saturday,19,晚高峰,True,75,1.364,11
13路,东城区,55,2024-01-06,Saturday,20,平峰,False,30,0.545,4
13路,东城区,55,2024-01-06,Saturday,21,平峰,False,11,0.2,4
13路,东城区,55,2024-01-06,Saturday,22,平峰,False,30,0.545,2
13路,东城区,55,2024-01-07,Sunday,6,平峰,False,17,0.309,4
13路,东城区,55,2024-01-07,Sunday,7,早高峰,True,75,1.364,4
13路,东城区,55,2024-01-07,Sunday,8,早高峰,True,75,1.364,7
13路,东城区,55,2024-01-07,Sunday,9,早高峰,True,75,1.364,8
13路,东城区,55,2024-01-07,Sunday,10,平峰,False,15,0.273,5
13路,东城区,55,2024-01-07,Sunday,11,平峰,False,43,0.782,5
13路,东城区,55,2024-01-07,Sunday,12,平峰,False,55,1.0,3
13路,东城区,55,2024-01-07,Sunday,13,平峰,False,66,1.2,5
13路,东城区,55,2024-01-07,Sunday,14,平峰,False,33,0.6,2
13路,东城区,55,2024-01-07,Sunday,15,平峰,False,12,0.218,5
13路,东城区,55,2024-01-07,Sunday,16,平峰,False,52,0.945,4
13路,东城区,55,2024-01-07,Sunday,17,晚高峰,True,55,1.0,10
13路,东城区,55,2024-01-07,Sunday,18,晚高峰,True,75,1.364,6
13路,东城区,55,2024-01-07,Sunday,19,晚高峰,True,61,1.109,5
13路,东城区,55,2024-01-07,Sunday,20,平峰,False,29,0.527,2
13路,东城区,55,2024-01-07,Sunday,21,平峰,False,27,0.491,3
13路,东城区,55,2024-01-07,Sunday,22,平峰,False,5,0.091,3
14路,西城区,65,2024-01-01,Monday,6,平峰,False,24,0.369,3
14路,西城区,65,2024-01-01,Monday,7,早高峰,True,60,0.923,4
14路,西城区,65,2024-01-01,Monday,8,早高峰,True,59,0.908,5
14路,西城区,65,2024-01-01,Monday,9,早高峰,True,79,1.215,4
14路,西城区,65,2024-01-01,Monday,10,平峰,False,29,0.446,3
14路,西城区,65,2024-01-01,Monday,11,平峰,False,52,0.8,3
14路,西城区,65,2024-01-01,Monday,12,平峰,False,34,0.523,5
14路,西城区,65,2024-01-01,Monday,13,平峰,False,50,0.769,3
14路,西城区,65,2024-01-01,Monday,14,平峰,False,29,0.446,4
14路,西城区,65,2024-01-01,Monday,15,平峰,False,23,0.354,4
14路,西城区,65,2024-01-01,Monday,16,平峰,False,16,0.246,2
14路,西城区,65,2024-01-01,Monday,17,晚高峰,True,55,0.846,7
14路,西城区,65,2024-01-01,Monday,18,晚高峰,True,85,1.308,11
14路,西城区,65,2024-01-01,Monday,19,晚高峰,True,85,1.308,7
14路,西城区,65,2024-01-01,Monday,20,平峰,False,31,0.477,4
14路,西城区,65,2024-01-01,Monday,21,平峰,False,11,0.169,3
14路,西城区,65,2024-01-01,Monday,22,平峰,False,12,0.185,2
14路,西城区,65,2024-01-02,Tuesday,6,平峰,False,28,0.431,3
14路,西城区,65,2024-01-02,Tuesday,7,早高峰,True,66,1.015,5
14路,西城区,65,2024-01-02,Tuesday,8,早高峰,True,59,0.908,7
14路,西城区,65,2024-01-02,Tuesday,9,早高峰,True,85,1.308,6
14路,西城区,65,2024-01-02,Tuesday,10,平峰,False,40,0.615,5
14路,西城区,65,2024-01-02,Tuesday,11,平峰,False,48,0.738,4
14路,西城区,65,2024-01-02,Tuesday,12,平峰,False,31,0.477,4
14路,西城区,65,2024-01-02,Tuesday,13,平峰,False,38,0.585,2
14路,西城区,65,2024-01-02,Tuesday,14,平峰,False,32,0.492,3
14路,西城区,65,2024-01-02,Tuesday,15,平峰,False,16,0.246,3
14路,西城区,65,2024-01-02,Tuesday,16,平峰,False,44,0.677,3
14路,西城区,65,2024-01-02,Tuesday,17,晚高峰,True,85,1.308,6
14路,西城区,65,2024-01-02,Tuesday,18,晚高峰,True,29,0.446,9
14路,西城区,65,2024-01-02,Tuesday,19,晚高峰,True,82,1.262,11
14路,西城区,65,2024-01-02,Tuesday,20,平峰,False,52,0.8,2
14路,西城区,65,2024-01-02,Tuesday,21,平峰,False,31,0.477,3
14路,西城区,65,2024-01-02,Tuesday,22,平峰,False,17,0.262,3
14路,西城区,65,2024-01-03,Wednesday,6,平峰,False,23,0.354,4
14路,西城区,65,2024-01-03,Wednesday,7,早高峰,True,60,0.923,8
14路,西城区,65,2024-01-03,Wednesday,8,早高峰,True,43,0.662,4
14路,西城区,65,2024-01-03,Wednesday,9,早高峰,True,70,1.077,6
14路,西城区,65,2024-01-03,Wednesday,10,平峰,False,26,0.4,4
14路,西城区,65,2024-01-03,Wednesday,11,平峰,False,32,0.492,4
14路,西城区,65,2024-01-03,Wednesday,12,平峰,False,13,0.2,4
14路,西城区,65,2024-01-03,Wednesday,13,平峰,False,47,0.723,4
14路,西城区,65,2024-01-03,Wednesday,14,平峰,False,22,0.338,2
14路,西城区,65,2024-01-03,Wednesday,15,平峰,False,39,0.6,4
14路,西城区,65,2024-01-03,Wednesday,16,平峰,False,37,0.569,5
14路,西城区,65,2024-01-03,Wednesday,17,晚高峰,True,41,0.631,6
14路,西城区,65,2024-01-03,Wednesday,18,晚高峰,True,52,0.8,6
14路,西城区,65,2024-01-03,Wednesday,19,晚高峰,True,85,1.308,6
14路,西城区,65,2024-01-03,Wednesday,20,平峰,False,49,0.754,5
14路,西城区,65,2024-01-03,Wednesday,21,平峰,False,13,0.2,2
14路,西城区,65,2024-01-03,Wednesday,22,平峰,False,13,0.2,4
14路,西城区,65,2024-01-04,Thursday,6,平峰,False,23,0.354,5
14路,西城区,65,2024-01-04,Thursday,7,早高峰,True,85,1.308,5
14路,西城区,65,2024-01-04,Thursday,8,早高峰,True,74,1.138,9
14路,西城区,65,2024-01-04,Thursday,9,早高峰,True,77,1.185,10
14路,西城区,65,2024-01-04,Thursday,10,平峰,False,56,0.862,2
14路,西城区,65,2024-01-04,Thursday,11,平峰,False,45,0.692,2
14路,西城区,65,2024-01-04,Thursday,12,平峰,False,42,0.646,4
14路,西城区,65,2024-01-04,Thursday,13,平峰,False,28,0.431,2
14路,西城区,65,2024-01-04,Thursday,14,平峰,False,5,0.077,3
14路,西城区,65,2024-01-04,Thursday,15,平峰,False,24,0.369,2
14路,西城区,65,2024-01-04,Thursday,16,平峰,False,41,0.631,2
14路,西城区,65,2024-01-04,Thursday,17,晚高峰,True,85,1.308,6
14路,西城区,65,2024-01-04,Thursday,18,晚高峰,True,52,0.8,7
14路,西城区,65,2024-01-04,Thursday,19,晚高峰,True,85,1.308,4
14路,西城区,65,2024-01-04,Thursday,20,平峰,False,39,0.6,2
14路,西城区,65,2024-01-04,Thursday,21,平峰,False,25,0.385,5
14路,西城区,65,2024-01-04,Thursday,22,平峰,False,13,0.2,2
14路,西城区,65,2024-01-05,Friday,6,平峰,False,17,0.262,5
14路,西城区,65,2024-01-05,Friday,7,早高峰,True,81,1.246,8
14路,西城区,65,2024-01-05,Friday,8,早高峰,True,65,1.0,11
14路,西城区,65,2024-01-05,Friday,9,早高峰,True,85,1.308,10
14路,西城区,65,2024-01-05,Friday,10,平峰,False,23,0.354,4
14路,西城区,65,2024-01-05,Friday,11,平峰,False,24,0.369,4
14路,西城区,65,2024-01-05,Friday,12,平峰,False,51,0.785,2
14路,西城区,65,2024-01-05,Friday,13,平峰,False,50,0.769,3
14路,西城区,65,2024-01-05,Friday,14,平峰,False,61,0.938,2
14路,西城区,65,2024-01-05,Friday,15,平峰,False,5,0.077,4
14路,西城区,65,2024-01-05,Friday,16,平峰,False,24,0.369,5
14路,西城区,65,2024-01-05,Friday,17,晚高峰,True,23,0.354,4
14路,西城区,65,2024-01-05,Friday,18,晚高峰,True,85,1.308,5
14路,西城区,65,2024-01-05,Friday,19,晚高峰,True,46,0.708,10
14路,西城区,65,2024-01-05,Friday,20,平峰,False,28,0.431,4
14路,西城区,65,2024-01-05,Friday,21,平峰,False,44,0.677,2
14路,西城区,65,2024-01-05,Friday,22,平峰,False,19,0.292,5
14路,西城区,65,2024-01-06,Saturday,6,平峰,False,5,0.077,3
14路,西城区,65,2024-01-06,Saturday,7,早高峰,True,79,1.215,7
14路,西城区,65,2024-01-06,Saturday,8,早高峰,True,73,1.123,9
14路,西城区,65,2024-01-06,Saturday,9,早高峰,True,85,1.308,4
14路,西城区,65,2024-01-06,Saturday,10,平峰,False,31,0.477,3
14路,西城区,65,2024-01-06,Saturday,11,平峰,False,46,0.708,2
14路,西城区,65,2024-01-06,Saturday,12,平峰,False,38,0.585,5
14路,西城区,65,2024-01-06,Saturday,13,平峰,False,66,1.015,5
14路,西城区,65,2024-01-06,Saturday,14,平峰,False,15,0.231,3
14路,西城区,65,2024-01-06,Saturday,15,平峰,False,5,0.077,5
14路,西城区,65,2024-01-06,Saturday,16,平峰,False,29,0.446,4
14路,西城区,65,2024-01-06,Saturday,17,晚高峰,True,64,0.985,6
14路,西城区,65,2024-01-06,Saturday,18,晚高峰,True,85,1.308,10
14路,西城区,65,2024-01-06,Saturday,19,晚高峰,True,71,1.092,8
14路,西城区,65,2024-01-06,Saturday,20,平峰,False,45,0.692,3
14路,西城区,65,2024-01-06,Saturday,21,平峰,False,12,0.185,3
14路,西城区,65,2024-01-06,Saturday,22,平峰,False,25,0.385,4
14路,西城区,65,2024-01-07,Sunday,6,平峰,False,21,0.323,4
14路,西城区,65,2024-01-07,Sunday,7,早高峰,True,71,1.092,9
14路,西城区,65,2024-01-07,Sunday,8,早高峰,True,83,1.277,10
14路,西城区,65,2024-01-07,Sunday,9,早高峰,True,71,1.092,7
14路,西城区,65,2024-01-07,Sunday,10,平峰,False,38,0.585,5
14路,西城区,65,2024-01-07,Sunday,11,平峰,False,5,0.077,2
14路,西城区,65,2024-01-07,Sunday,12,平峰,False,31,0.477,2
14路,西城区,65,2024-01-07,Sunday,13,平峰,False,85,1.308,5
14路,西城区,65,2024-01-07,Sunday,14,平峰,False,17,0.262,4
14路,西城区,65,2024-01-07,Sunday,15,平峰,False,20,0.308,4
14路,西城区,65,2024-01-07,Sunday,16,平峰,False,20,0.308,3
14路,西城区,65,2024-01-07,Sunday,17,晚高峰,True,85,1.308,9
14路,西城区,65,2024-01-07,Sunday,18,晚高峰,True,56,0.862,9
14路,西城区,65,2024-01-07,Sunday,19,晚高峰,True,53,0.815,7
14路,西城区,65,2024-01-07,Sunday,20,平峰,False,38,0.585,3
14路,西城区,65,2024-01-07,Sunday,21,平峰,False,5,0.077,5
14路,西城区,65,2024-01-07,Sunday,22,平峰,False,26,0.4,5
15路,南城区,80,2024-01-01,Monday,6,平峰,False,22,0.275,3
15路,南城区,80,2024-01-01,Monday,7,早高峰,True,100,1.25,8
15路,南城区,80,2024-01-01,Monday,8,早高峰,True,100,1.25,9
15路,南城区,80,2024-01-01,Monday,9,早高峰,True,63,0.787,9
15路,南城区,80,2024-01-01,Monday,10,平峰,False,28,0.35,5
15路,南城区,80,2024-01-01,Monday,11,平峰,False,39,0.487,3
15路,南城区,80,2024-01-01,Monday,12,平峰,False,56,0.7,4
15路,南城区,80,2024-01-01,Monday,13,平峰,False,53,0.662,3
15路,南城区,80,2024-01-01,Monday,14,平峰,False,49,0.613,5
15路,南城区,80,2024-01-01,Monday,15,平峰,False,15,0.188,2
15路,南城区,80,2024-01-01,Monday,16,平峰,False,43,0.537,5
15路,南城区,80,2024-01-01,Monday,17,晚高峰,True,92,1.15,6
15路,南城区,80,2024-01-01,Monday,18,晚高峰,True,69,0.863,10
15路,南城区,80,2024-01-01,Monday,19,晚高峰,True,88,1.1,11
15路,南城区,80,2024-01-01,Monday,20,平峰,False,39,0.487,3
15路,南城区,80,2024-01-01,Monday,21,平峰,False,24,0.3,4
15路,南城区,80,2024-01-01,Monday,22,平峰,False,16,0.2,2
15路,南城区,80,2024-01-02,Tuesday,6,平峰,False,32,0.4,3
15路,南城区,80,2024-01-02,Tuesday,7,早高峰,True,93,1.163,6
15路,南城区,80,2024-01-02,Tuesday,8,早高峰,True,72,0.9,11
15路,南城区,80,2024-01-02,Tuesday,9,早高峰,True,92,1.15,5
15路,南城区,80,2024-01-02,Tuesday,10,平峰,False,33,0.412,3
15路,南城区,80,2024-01-02,Tuesday,11,平峰,False,44,0.55,2
15路,南城区,80,2024-01-02,Tuesday,12,平峰,False,48,0.6,3
15路,南城区,80,2024-01-02,Tuesday,13,平峰,False,50,0.625,4
15路,南城区,80,2024-01-02,Tuesday,14,平峰,False,22,0.275,5
15路,南城区,80,2024-01-02,Tuesday,15,平峰,False,5,0.062,5
15路,南城区,80,2024-01-02,Tuesday,16,平峰,False,28,0.35,4
15路,南城区,80,2024-01-02,Tuesday,17,晚高峰,True,65,0.812,11
15路,南城区,80,2024-01-02,Tuesday,18,晚高峰,True,32,0.4,8
15路,南城区,80,2024-01-02,Tuesday,19,晚高峰,True,100,1.25,11
15路,南城区,80,2024-01-02,Tuesday,20,平峰,False,31,0.388,5
15路,南城区,80,2024-01-02,Tuesday,21,平峰,False,10,0.125,2
15路,南城区,80,2024-01-02,Tuesday,22,平峰,False,18,0.225,2
15路,南城区,80,2024-01-03,Wednesday,6,平峰,False,45,0.562,4
15路,南城区,80,2024-01-03,Wednesday,7,早高峰,True,71,0.887,8
15路,南城区,80,2024-01-03,Wednesday,8,早高峰,True,50,0.625,10
15路,南城区,80,2024-01-03,Wednesday,9,早高峰,True,100,1.25,10
15路,南城区,80,2024-01-03,Wednesday,10,平峰,False,51,0.637,4
15路,南城区,80,2024-01-03,Wednesday,11,平峰,False,43,0.537,3
15路,南城区,80,2024-01-03,Wednesday,12,平峰,False,29,0.362,4
15路,南城区,80,2024-01-03,Wednesday,13,平峰,False,48,0.6,3
15路,南城区,80,2024-01-03,Wednesday,14,平峰,False,5,0.062,5
15路,南城区,80,2024-01-03,Wednesday,15,平峰,False,44,0.55,5
15路,南城区,80,2024-01-03,Wednesday,16,平峰,False,42,0.525,5
15路,南城区,80,2024-01-03,Wednesday,17,晚高峰,True,47,0.588,9
15路,南城区,80,2024-01-03,Wednesday,18,晚高峰,True,100,1.25,6
15路,南城区,80,2024-01-03,Wednesday,19,晚高峰,True,100,1.25,10
15路,南城区,80,2024-01-03,Wednesday,20,平峰,False,55,0.688,2
15路,南城区,80,2024-01-03,Wednesday,21,平峰,False,17,0.212,5
15路,南城区,80,2024-01-03,Wednesday,22,平峰,False,24,0.3,3
15路,南城区,80,2024-01-04,Thursday,6,平峰,False,18,0.225,5
15路,南城区,80,2024-01-04,Thursday,7,早高峰,True,100,1.25,6
15路,南城区,80,2024-01-04,Thursday,8,早高峰,True,100,1.25,11
15路,南城区,80,2024-01-04,Thursday,9,早高峰,True,76,0.95,8
15路,南城区,80,2024-01-04,Thursday,10,平峰,False,33,0.412,4
15路,南城区,80,2024-01-04,Thursday,11,平峰,False,51,0.637,2
15路,南城区,80,2024-01-04,Thursday,12,平峰,False,51,0.637,4
15路,南城区,80,2024-01-04,Thursday,13,平峰,False,58,0.725,4
15路,南城区,80,2024-01-04,Thursday,14,平峰,False,19,0.237,5
15路,南城区,80,2024-01-04,Thursday,15,平峰,False,16,0.2,3
15路,南城区,80,2024-01-04,Thursday,16,平峰,False,38,0.475,3
15路,南城区,80,2024-01-04,Thursday,17,晚高峰,True,100,1.25,11
15路,南城区,80,2024-01-04,Thursday,18,晚高峰,True,53,0.662,7
15路,南城区,80,2024-01-04,Thursday,19,晚高峰,True,46,0.575,11
15路,南城区,80,2024-01-04,Thursday,20,平峰,False,48,0.6,5
15路,南城区,80,2024-01-04,Thursday,21,平峰,False,46,0.575,5
15路,南城区,80,2024-01-04,Thursday,22,平峰,False,5,0.062,3
15路,南城区,80,2024-01-05,Friday,6,平峰,False,17,0.212,2
15路,南城区,80,2024-01-05,Friday,7,早高峰,True,64,0.8,4
15路,南城区,80,2024-01-05,Friday,8,早高峰,True,100,1.25,5
15路,南城区,80,2024-01-05,Friday,9,早高峰,True,100,1.25,6
15路,南城区,80,2024-01-05,Friday,10,平峰,False,46,0.575,3
15路,南城区,80,2024-01-05,Friday,11,平峰,False,60,0.75,4
15路,南城区,80,2024-01-05,Friday,12,平峰,False,46,0.575,3
15路,南城区,80,2024-01-05,Friday,13,平峰,False,62,0.775,2
15路,南城区,80,2024-01-05,Friday,14,平峰,False,18,0.225,3
15路,南城区,80,2024-01-05,Friday,15,平峰,False,42,0.525,5
15路,南城区,80,2024-01-05,Friday,16,平峰,False,49,0.613,3
15路,南城区,80,2024-01-05,Friday,17,晚高峰,True,53,0.662,8
15路,南城区,80,2024-01-05,Friday,18,晚高峰,True,51,0.637,10
15路,南城区,80,2024-01-05,Friday,19,晚高峰,True,86,1.075,10
15路,南城区,80,2024-01-05,Friday,20,平峰,False,27,0.338,5
15路,南城区,80,2024-01-05,Friday,21,平峰,False,18,0.225,2
15路,南城区,80,2024-01-05,Friday,22,平峰,False,24,0.3,5
15路,南城区,80,2024-01-06,Saturday,6,平峰,False,29,0.362,2
15路,南城区,80,2024-01-06,Saturday,7,早高峰,True,62,0.775,5
15路,南城区,80,2024-01-06,Saturday,8,早高峰,True,93,1.163,8
15路,南城区,80,2024-01-06,Saturday,9,早高峰,True,100,1.25,9
15路,南城区,80,2024-01-06,Saturday,10,平峰,False,20,0.25,3
15路,南城区,80,2024-01-06,Saturday,11,平峰,False,39,0.487,2
15路,南城区,80,2024-01-06,Saturday,12,平峰,False,42,0.525,3
15路,南城区,80,2024-01-06,Saturday,13,平峰,False,24,0.3,4
15路,南城区,80,2024-01-06,Saturday,14,平峰,False,24,0.3,3
15路,南城区,80,2024-01-06,Saturday,15,平峰,False,5,0.062,2
15路,南城区,80,2024-01-06,Saturday,16,平峰,False,10,0.125,4
15路,南城区,80,2024-01-06,Saturday,17,晚高峰,True,96,1.2,10
15路,南城区,80,2024-01-06,Saturday,18,晚高峰,True,86,1.075,5
15路,南城区,80,2024-01-06,Saturday,19,晚高峰,True,45,0.562,7
15路,南城区,80,2024-01-06,Saturday,20,平峰,False,26,0.325,4
15路,南城区,80,2024-01-06,Saturday,21,平峰,False,6,0.075,3
15路,南城区,80,2024-01-06,Saturday,22,平峰,False,15,0.188,3
15路,南城区,80,2024-01-07,Sunday,6,平峰,False,19,0.237,5
15路,南城区,80,2024-01-07,Sunday,7,早高峰,True,100,1.25,9
15路,南城区,80,2024-01-07,Sunday,8,早高峰,True,83,1.038,6
15路,南城区,80,2024-01-07,Sunday,9,早高峰,True,61,0.762,4
15路,南城区,80,2024-01-07,Sunday,10,平峰,False,8,0.1,4
15路,南城区,80,2024-01-07,Sunday,11,平峰,False,55,0.688,4
15路,南城区,80,2024-01-07,Sunday,12,平峰,False,35,0.438,2
15路,南城区,80,2024-01-07,Sunday,13,平峰,False,56,0.7,5
15路,南城区,80,2024-01-07,Sunday,14,平峰,False,42,0.525,3
15路,南城区,80,2024-01-07,Sunday,15,平峰,False,32,0.4,5
15路,南城区,80,2024-01-07,Sunday,16,平峰,False,31,0.388,4
15路,南城区,80,2024-01-07,Sunday,17,晚高峰,True,64,0.8,4
15路,南城区,80,2024-01-07,Sunday,18,晚高峰,True,70,0.875,8
15路,南城区,80,2024-01-07,Sunday,19,晚高峰,True,35,0.438,9
15路,南城区,80,2024-01-07,Sunday,20,平峰,False,5,0.062,3
15路,南城区,80,2024-01-07,Sunday,21,平峰,False,13,0.163,3
15路,南城区,80,2024-01-07,Sunday,22,平峰,False,25,0.312,2
